{"stats":{"minecraft:killed_by":{"minecraft:creeper":1,"minecraft:drowned":1,"minecraft:warden":1,"minecraft:skeleton":1,"minecraft:zombie":1,"iceandfire:ghost":4,"iceandfire:fire_dragon":4},"minecraft:crafted":{"minecraft:black_dye":23,"vanillaplustools:wooden_hammer":1,"minecraft:oak_planks":520,"minecraft:cobblestone_slab":6,"minecraft:stone_shovel":17,"vanillaplustools:stone_hammer":5,"minecraft:furnace":5,"minecraft:gray_dye":42,"minecraft:cooked_mutton":18,"minecraft:glass":16,"minecraft:white_concrete_powder":56,"travelersbackpack:white_sleeping_bag":2,"minecraft:bow":3,"minecraft:iron_boots":1,"minecraft:spruce_slab":54,"minecraft:stone_pickaxe":55,"minecraft:chest":11,"vanillaplustools:stone_shovel":1,"minecraft:cooked_rabbit":1,"minecraft:cooked_beef":7,"iceandfire:silver_ingot":2,"minecraft:crafting_table":3,"minecraft:spruce_planks":420,"travelersbackpack:backpack_tank":2,"minecraft:wooden_pickaxe":10,"travelersbackpack:standard":1,"minecraft:gray_concrete_powder":64,"minecraft:cooked_salmon":1,"minecraft:copper_ingot":8,"minecraft:bucket":1,"minecraft:birch_planks":60,"minecraft:stone_axe":5,"minecraft:bread":6,"minecraft:air":0,"minecraft:oak_boat":1,"minecraft:white_dye":37,"minecraft:stick":156,"minecraft:iron_ingot":29,"minecraft:iron_pickaxe":1,"minecraft:wooden_axe":3,"minecraft:stone_sword":1,"minecraft:gold_ingot":6,"minecraft:torch":28},"minecraft:picked_up":{"minecraft:iron_chestplate":1,"minecraft:crafting_table":3,"minecraft:coarse_dirt":3,"minecraft:wheat":18,"minecraft:clay_ball":8,"iceandfire:chared_dirt_path":3,"minecraft:oak_stairs":3,"minecraft:chain":6,"gravestone:obituary":14,"minecraft:shield":1,"iceandfire:manuscript":8,"minecraft:string":9,"minecraft:raw_copper":155,"minecraft:iron_leggings":1,"minecraft:item_frame":18,"minecraft:iron_shovel":2,"iceandfire:bestiary":2,"minecraft:smooth_stone":1,"minecraft:cobbled_deepslate":242,"minecraft:bucket":2,"minecraft:spruce_planks":248,"minecraft:beef":7,"minecraft:oak_boat":1,"minecraft:cobblestone_slab":2,"minecraft:spruce_slab":34,"minecraft:birch_sapling":25,"minecraft:egg":3,"minecraft:stick":48,"minecraft:raw_iron":151,"iceandfire:chared_grass":9,"minecraft:copper_ingot":2,"upgrade_aquatic:pike":1,"minecraft:torch":47,"iceandfire:silver_ore":4,"minecraft:stone_button":17,"minecraft:pointed_dripstone":4,"minecraft:diorite":48,"minecraft:carrot":21,"minecraft:redstone":34,"minecraft:stone_shovel":2,"minecraft:stone_sword":1,"minecraft:arrow":31,"minecraft:rotten_flesh":41,"iceandfire:deepslate_silver_ore":1,"minecraft:glow_berries":11,"minecraft:mutton":17,"minecraft:snowball":5,"minecraft:nautilus_shell":1,"minecraft:rail":1,"minecraft:white_wool":6,"minecraft:cobblestone":8572,"minecraft:birch_log":15,"minecraft:lilac":3,"minecraft:cooked_beef":4,"minecraft:water_bucket":2,"minecraft:glow_ink_sac":4,"minecraft:tripwire_hook":1,"minecraft:andesite":18,"minecraft:salmon":2,"minecraft:brown_wool":1,"minecraft:leather":8,"minecraft:flint":22,"minecraft:tuff":15,"minecraft:oak_log":105,"minecraft:lapis_lazuli":6,"minecraft:gray_concrete":69,"minecraft:dirt":1312,"minecraft:lantern":4,"minecraft:gray_concrete_powder":1,"minecraft:cooked_mutton":2,"minecraft:bone":26,"minecraft:apple":4,"minecraft:stone_bricks":12,"minecraft:bow":6,"minecraft:wheat_seeds":65,"minecraft:raw_gold":59,"minecraft:spore_blossom":1,"minecraft:stone_pickaxe":7,"minecraft:cobweb":1,"minecraft:rabbit":1,"minecraft:oak_planks":38,"iceandfire:podium_spruce":2,"minecraft:cooked_porkchop":1,"minecraft:sweet_berries":42,"iceandfire:ash":6,"minecraft:oak_pressure_plate":1,"minecraft:gravel":168,"minecraft:sand":64,"minecraft:spruce_sapling":43,"minecraft:ink_sac":20,"minecraft:dark_oak_fence_gate":2,"minecraft:spruce_log":97,"minecraft:lily_of_the_valley":25,"minecraft:spider_eye":6,"travelersbackpack:white_sleeping_bag":1,"travelersbackpack:standard":3,"minecraft:diamond":11,"iceandfire:lectern":4,"minecraft:white_concrete_powder":2,"minecraft:stone_axe":5,"minecraft:iron_helmet":1,"minecraft:granite":29,"vanillaplustools:stone_hammer":3,"minecraft:bone_meal":20,"minecraft:gray_wool":1,"minecraft:white_concrete":49,"minecraft:bread":5,"minecraft:oak_sapling":123,"minecraft:coal":163},"minecraft:broken":{"minecraft:stone_sword":2,"vanillaplustools:wooden_hammer":1,"minecraft:wooden_pickaxe":1,"minecraft:stone_pickaxe":10,"vanillaplustools:stone_hammer":4,"minecraft:stone_axe":3,"minecraft:wooden_axe":2,"minecraft:stone_shovel":7},"minecraft:custom":{"minecraft:mob_kills":110,"minecraft:interact_with_crafting_table":39,"minecraft:open_barrel":11,"minecraft:leave_game":7,"minecraft:time_since_death":22734,"minecraft:climb_one_cm":3399,"minecraft:sprint_one_cm":559737,"minecraft:walk_one_cm":2442177,"minecraft:damage_blocked_by_shield":1410,"minecraft:drop":178,"minecraft:talked_to_villager":2,"minecraft:play_time":545591,"minecraft:sneak_time":32311,"minecraft:deaths":15,"minecraft:walk_under_water_one_cm":91788,"minecraft:boat_one_cm":68244,"minecraft:jump":5914,"minecraft:walk_on_water_one_cm":125174,"minecraft:total_world_time":545591,"minecraft:interact_with_furnace":64,"minecraft:interact_with_stonecutter":1,"minecraft:sleep_in_bed":7,"minecraft:time_since_rest":22773,"minecraft:damage_taken":6894,"minecraft:trigger_trapped_chest":2,"minecraft:damage_dealt":20127,"minecraft:player_kills":1,"minecraft:swim_one_cm":120875,"minecraft:fly_one_cm":566975,"minecraft:open_chest":172,"minecraft:crouch_one_cm":111208,"minecraft:fall_one_cm":94258,"minecraft:horse_one_cm":7376},"minecraft:used":{"iceandfire:lectern":3,"minecraft:stone_sword":200,"minecraft:stone_shovel":944,"minecraft:spruce_slab":48,"minecraft:white_concrete_powder":53,"minecraft:chest":10,"minecraft:shield":49,"vanillaplustools:stone_hammer":589,"minecraft:cooked_salmon":1,"minecraft:rotten_flesh":33,"minecraft:torch":86,"minecraft:dirt":158,"minecraft:mutton":2,"minecraft:tuff":2,"minecraft:granite":18,"minecraft:wooden_axe":155,"minecraft:gray_concrete_powder":65,"minecraft:bow":26,"minecraft:sweet_berries":18,"minecraft:furnace":5,"minecraft:egg":3,"minecraft:cooked_beef":4,"minecraft:cobbled_deepslate":26,"minecraft:wheat_seeds":16,"minecraft:cooked_mutton":17,"minecraft:water_bucket":31,"minecraft:diorite":18,"minecraft:stone_pickaxe":1309,"minecraft:oak_planks":532,"minecraft:wooden_pickaxe":59,"iceandfire:chared_dirt_path":3,"minecraft:cobblestone_slab":6,"iceandfire:podium_spruce":1,"minecraft:glow_berries":8,"vanillaplustools:stone_shovel":19,"minecraft:crafting_table":6,"minecraft:gray_concrete":69,"minecraft:spruce_log":5,"minecraft:apple":4,"vanillaplustools:wooden_hammer":59,"minecraft:iron_pickaxe":182,"minecraft:bread":11,"travelersbackpack:white_sleeping_bag":2,"iceandfire:ash":6,"minecraft:spruce_sapling":18,"minecraft:gravel":85,"minecraft:stone_axe":290,"travelersbackpack:standard":6,"minecraft:cobblestone":1168,"iceandfire:chared_grass":9,"minecraft:cooked_rabbit":1,"minecraft:andesite":7,"minecraft:bucket":37,"minecraft:oak_boat":2,"minecraft:gray_wool":1,"minecraft:white_concrete":47,"minecraft:coarse_dirt":3,"minecraft:smooth_stone":1},"minecraft:mined":{"minecraft:tuff":16,"iceandfire:silver_ore":4,"minecraft:deepslate_diamond_ore":11,"minecraft:sculk_vein":1,"minecraft:glow_lichen":1,"gravestone:gravestone":14,"minecraft:granite":21,"minecraft:grass_block":239,"iceandfire:deepslate_silver_ore":1,"iceandfire:lectern":3,"minecraft:white_concrete":49,"travelersbackpack:white_sleeping_bag":1,"minecraft:spruce_leaves":25,"minecraft:white_concrete_powder":2,"iceandfire:chared_grass":10,"minecraft:large_fern":1,"minecraft:smooth_stone":1,"minecraft:spore_blossom":1,"minecraft:redstone_ore":8,"minecraft:sculk_catalyst":1,"minecraft:carrots":6,"minecraft:iron_ore":83,"minecraft:cobbled_deepslate":6,"minecraft:fire":19,"minecraft:andesite":11,"minecraft:deepslate_lapis_ore":1,"minecraft:sculk_shrieker":1,"minecraft:dirt_path":43,"minecraft:vine":1,"minecraft:deepslate_iron_ore":65,"minecraft:cobblestone_slab":1,"minecraft:rail":1,"minecraft:lantern":1,"iceandfire:podium_spruce":1,"minecraft:stone":5770,"minecraft:spruce_slab":3,"minecraft:podzol":2,"minecraft:gray_concrete":69,"minecraft:lily_of_the_valley":26,"minecraft:powder_snow":5,"minecraft:crafting_table":3,"minecraft:torch":38,"minecraft:sculk_sensor":4,"minecraft:copper_ore":45,"minecraft:tall_grass":1,"minecraft:cobblestone":86,"minecraft:deepslate_gold_ore":41,"minecraft:oak_planks":27,"minecraft:sculk":2,"minecraft:diorite":33,"minecraft:wall_torch":3,"minecraft:seagrass":1,"minecraft:gray_concrete_powder":1,"minecraft:coarse_dirt":3,"minecraft:birch_log":11,"minecraft:wheat":19,"minecraft:sweet_berry_bush":1,"minecraft:lilac":1,"iceandfire:ash":6,"minecraft:spruce_log":81,"minecraft:grass":16,"minecraft:oak_log":88,"minecraft:coal_ore":147,"minecraft:gravel":113,"minecraft:sand":67,"minecraft:dirt":658,"minecraft:gold_ore":18,"minecraft:oak_leaves":9,"minecraft:deepslate":231,"minecraft:fern":1},"minecraft:killed":{"minecraft:cave_spider":1,"minecraft:spider":7,"minecraft:skeleton":22,"minecraft:drowned":11,"minecraft:zombie_villager":1,"iceandfire:troll":1,"minecraft:rabbit":3,"minecraft:bat":1,"minecraft:creeper":5,"minecraft:squid":9,"minecraft:sheep":7,"minecraft:zombie":36,"upgrade_aquatic:pike":1,"minecraft:enderman":1,"minecraft:cow":3},"minecraft:dropped":{"minecraft:bread":1,"minecraft:wheat_seeds":49,"minecraft:oak_pressure_plate":1,"minecraft:lilac":3,"minecraft:spore_blossom":1,"minecraft:cobblestone":1360,"minecraft:glow_berries":6,"minecraft:leather":1,"travelersbackpack:standard":1,"minecraft:coal":88,"minecraft:item_frame":9,"minecraft:stick":7,"minecraft:flint":3,"minecraft:dirt":82,"minecraft:diorite":14,"minecraft:stone_button":17,"minecraft:mutton":1,"minecraft:white_concrete":1,"minecraft:oak_stairs":3,"minecraft:chain":4,"gravestone:obituary":24,"minecraft:bone_meal":4,"minecraft:iron_shovel":1,"minecraft:bucket":2,"minecraft:spruce_sapling":17,"minecraft:gravel":12,"minecraft:birch_sapling":25,"iceandfire:silver_ore":2,"minecraft:cooked_mutton":3,"minecraft:dark_oak_fence_gate":2,"minecraft:cobblestone_slab":1,"minecraft:spruce_planks":56,"minecraft:andesite":7,"minecraft:oak_sapling":123,"vanillaplustools:stone_hammer":3,"minecraft:spider_eye":3,"minecraft:spruce_log":1,"minecraft:bow":2,"minecraft:arrow":4,"minecraft:stone_pickaxe":5}},"DataVersion":3120}