{"stats":{"minecraft:killed_by":{"minecraft:drowned":1,"minecraft:warden":1,"minecraft:skeleton":1,"minecraft:zombie":1,"iceandfire:ghost":4,"iceandfire:fire_dragon":3},"minecraft:crafted":{"minecraft:black_dye":23,"vanillaplustools:wooden_hammer":1,"minecraft:oak_planks":496,"minecraft:cobblestone_slab":6,"minecraft:stone_shovel":17,"vanillaplustools:stone_hammer":5,"minecraft:furnace":5,"minecraft:gray_dye":42,"minecraft:cooked_mutton":16,"minecraft:glass":16,"minecraft:white_concrete_powder":56,"travelersbackpack:white_sleeping_bag":2,"minecraft:bow":2,"minecraft:iron_boots":1,"minecraft:spruce_slab":54,"minecraft:stone_pickaxe":53,"minecraft:chest":11,"vanillaplustools:stone_shovel":1,"minecraft:cooked_rabbit":1,"minecraft:cooked_beef":7,"iceandfire:silver_ingot":2,"minecraft:crafting_table":3,"minecraft:spruce_planks":420,"travelersbackpack:backpack_tank":2,"minecraft:wooden_pickaxe":10,"travelersbackpack:standard":1,"minecraft:gray_concrete_powder":64,"minecraft:cooked_salmon":1,"minecraft:copper_ingot":5,"minecraft:bucket":1,"minecraft:birch_planks":60,"minecraft:stone_axe":4,"minecraft:bread":6,"minecraft:air":0,"minecraft:oak_boat":1,"minecraft:white_dye":37,"minecraft:stick":148,"minecraft:iron_ingot":29,"minecraft:iron_pickaxe":1,"minecraft:wooden_axe":3,"minecraft:stone_sword":1,"minecraft:gold_ingot":6,"minecraft:torch":20},"minecraft:picked_up":{"minecraft:iron_chestplate":1,"minecraft:crafting_table":3,"minecraft:coarse_dirt":3,"minecraft:wheat":18,"minecraft:clay_ball":8,"minecraft:oak_stairs":2,"minecraft:chain":6,"gravestone:obituary":7,"minecraft:shield":1,"iceandfire:manuscript":1,"minecraft:string":6,"minecraft:raw_copper":155,"minecraft:iron_leggings":1,"iceandfire:bestiary":1,"minecraft:smooth_stone":1,"minecraft:cobbled_deepslate":29,"minecraft:bucket":2,"minecraft:spruce_planks":248,"minecraft:beef":7,"minecraft:cobblestone_slab":2,"minecraft:spruce_slab":24,"minecraft:birch_sapling":20,"minecraft:egg":2,"minecraft:stick":46,"minecraft:raw_iron":65,"minecraft:copper_ingot":2,"upgrade_aquatic:pike":1,"minecraft:torch":47,"iceandfire:silver_ore":4,"minecraft:stone_button":11,"minecraft:diorite":48,"minecraft:carrot":2,"minecraft:redstone":34,"minecraft:stone_shovel":2,"minecraft:stone_sword":1,"minecraft:arrow":18,"minecraft:rotten_flesh":32,"minecraft:glow_berries":11,"minecraft:mutton":16,"minecraft:nautilus_shell":1,"minecraft:rail":1,"minecraft:white_wool":6,"minecraft:cobblestone":8567,"minecraft:birch_log":15,"minecraft:cooked_beef":4,"minecraft:glow_ink_sac":4,"minecraft:tripwire_hook":1,"minecraft:andesite":16,"minecraft:salmon":2,"minecraft:brown_wool":1,"minecraft:leather":8,"minecraft:flint":22,"minecraft:tuff":2,"minecraft:oak_log":100,"minecraft:gray_concrete":69,"minecraft:dirt":1224,"minecraft:lantern":4,"minecraft:gray_concrete_powder":1,"minecraft:bone":18,"minecraft:apple":4,"minecraft:stone_bricks":12,"minecraft:bow":5,"minecraft:wheat_seeds":63,"minecraft:raw_gold":17,"minecraft:spore_blossom":1,"minecraft:stone_pickaxe":5,"minecraft:cobweb":1,"minecraft:rabbit":1,"minecraft:oak_planks":29,"iceandfire:podium_spruce":1,"minecraft:cooked_porkchop":1,"minecraft:sweet_berries":42,"minecraft:oak_pressure_plate":1,"minecraft:gravel":168,"minecraft:sand":64,"minecraft:spruce_sapling":35,"minecraft:ink_sac":20,"minecraft:dark_oak_fence_gate":1,"minecraft:spruce_log":97,"minecraft:lily_of_the_valley":25,"minecraft:spider_eye":5,"travelersbackpack:white_sleeping_bag":1,"travelersbackpack:standard":3,"iceandfire:lectern":2,"minecraft:white_concrete_powder":2,"minecraft:stone_axe":4,"minecraft:iron_helmet":1,"minecraft:granite":29,"vanillaplustools:stone_hammer":3,"minecraft:bone_meal":19,"minecraft:white_concrete":49,"minecraft:bread":1,"minecraft:oak_sapling":105,"minecraft:coal":158},"minecraft:broken":{"minecraft:stone_sword":1,"vanillaplustools:wooden_hammer":1,"minecraft:wooden_pickaxe":1,"minecraft:stone_pickaxe":7,"vanillaplustools:stone_hammer":4,"minecraft:stone_axe":2,"minecraft:wooden_axe":2,"minecraft:stone_shovel":7},"minecraft:custom":{"minecraft:mob_kills":77,"minecraft:interact_with_crafting_table":39,"minecraft:open_barrel":9,"minecraft:leave_game":7,"minecraft:time_since_death":2019,"minecraft:climb_one_cm":1272,"minecraft:sprint_one_cm":465536,"minecraft:walk_one_cm":1991561,"minecraft:drop":143,"minecraft:talked_to_villager":2,"minecraft:play_time":443591,"minecraft:sneak_time":21583,"minecraft:deaths":13,"minecraft:walk_under_water_one_cm":80807,"minecraft:boat_one_cm":55115,"minecraft:jump":4724,"minecraft:walk_on_water_one_cm":110082,"minecraft:total_world_time":443591,"minecraft:interact_with_furnace":58,"minecraft:interact_with_stonecutter":1,"minecraft:sleep_in_bed":7,"minecraft:time_since_rest":2051,"minecraft:damage_taken":5602,"minecraft:trigger_trapped_chest":2,"minecraft:damage_dealt":13409,"minecraft:player_kills":1,"minecraft:swim_one_cm":119494,"minecraft:fly_one_cm":466991,"minecraft:open_chest":137,"minecraft:crouch_one_cm":78900,"minecraft:fall_one_cm":72672,"minecraft:horse_one_cm":6231},"minecraft:used":{"iceandfire:lectern":1,"minecraft:stone_sword":149,"minecraft:stone_shovel":944,"minecraft:spruce_slab":48,"minecraft:white_concrete_powder":53,"minecraft:chest":10,"vanillaplustools:stone_hammer":589,"minecraft:cooked_salmon":1,"minecraft:rotten_flesh":24,"minecraft:torch":83,"minecraft:dirt":142,"minecraft:mutton":2,"minecraft:tuff":2,"minecraft:granite":18,"minecraft:wooden_axe":155,"minecraft:gray_concrete_powder":65,"minecraft:bow":9,"minecraft:sweet_berries":18,"minecraft:furnace":5,"minecraft:egg":2,"minecraft:cooked_beef":4,"minecraft:wheat_seeds":16,"minecraft:cooked_mutton":13,"minecraft:water_bucket":29,"minecraft:diorite":18,"minecraft:stone_pickaxe":988,"minecraft:oak_planks":511,"minecraft:wooden_pickaxe":59,"minecraft:cobblestone_slab":6,"minecraft:glow_berries":8,"vanillaplustools:stone_shovel":11,"minecraft:crafting_table":6,"minecraft:gray_concrete":69,"minecraft:spruce_log":5,"minecraft:apple":4,"vanillaplustools:wooden_hammer":59,"minecraft:iron_pickaxe":119,"minecraft:bread":7,"travelersbackpack:white_sleeping_bag":2,"minecraft:spruce_sapling":18,"minecraft:gravel":85,"minecraft:stone_axe":204,"travelersbackpack:standard":5,"minecraft:cobblestone":1139,"minecraft:cooked_rabbit":1,"minecraft:andesite":7,"minecraft:bucket":35,"minecraft:oak_boat":1,"minecraft:white_concrete":47,"minecraft:coarse_dirt":3,"minecraft:smooth_stone":1},"minecraft:mined":{"minecraft:tuff":3,"iceandfire:silver_ore":4,"minecraft:glow_lichen":1,"gravestone:gravestone":11,"minecraft:granite":21,"minecraft:grass_block":222,"iceandfire:lectern":1,"minecraft:white_concrete":49,"travelersbackpack:white_sleeping_bag":1,"minecraft:spruce_leaves":25,"minecraft:white_concrete_powder":2,"minecraft:large_fern":1,"minecraft:smooth_stone":1,"minecraft:spore_blossom":1,"minecraft:redstone_ore":8,"minecraft:iron_ore":55,"minecraft:fire":2,"minecraft:andesite":9,"minecraft:dirt_path":43,"minecraft:vine":1,"minecraft:deepslate_iron_ore":7,"minecraft:cobblestone_slab":1,"minecraft:rail":1,"minecraft:lantern":1,"minecraft:stone":5765,"minecraft:spruce_slab":3,"minecraft:podzol":2,"minecraft:gray_concrete":69,"minecraft:lily_of_the_valley":26,"minecraft:powder_snow":5,"minecraft:crafting_table":3,"minecraft:torch":38,"minecraft:copper_ore":45,"minecraft:tall_grass":1,"minecraft:cobblestone":86,"minecraft:deepslate_gold_ore":2,"minecraft:oak_planks":27,"minecraft:sculk":1,"minecraft:diorite":33,"minecraft:wall_torch":3,"minecraft:seagrass":1,"minecraft:gray_concrete_powder":1,"minecraft:coarse_dirt":3,"minecraft:birch_log":11,"minecraft:wheat":19,"minecraft:sweet_berry_bush":1,"minecraft:lilac":1,"minecraft:spruce_log":81,"minecraft:grass":16,"minecraft:oak_log":83,"minecraft:coal_ore":142,"minecraft:gravel":113,"minecraft:sand":67,"minecraft:dirt":621,"minecraft:gold_ore":15,"minecraft:oak_leaves":9,"minecraft:deepslate":29,"minecraft:fern":1},"minecraft:killed":{"minecraft:cave_spider":1,"minecraft:spider":4,"minecraft:skeleton":15,"minecraft:drowned":10,"minecraft:rabbit":3,"minecraft:bat":1,"minecraft:creeper":4,"minecraft:squid":9,"minecraft:sheep":7,"minecraft:zombie":18,"upgrade_aquatic:pike":1,"minecraft:enderman":1,"minecraft:cow":3},"minecraft:dropped":{"minecraft:bread":1,"minecraft:wheat_seeds":45,"minecraft:oak_pressure_plate":1,"minecraft:spore_blossom":1,"minecraft:cobblestone":1360,"minecraft:glow_berries":6,"minecraft:leather":1,"travelersbackpack:standard":1,"minecraft:coal":88,"minecraft:stick":7,"minecraft:flint":3,"minecraft:dirt":81,"minecraft:diorite":14,"minecraft:stone_button":9,"minecraft:mutton":1,"minecraft:white_concrete":1,"minecraft:chain":4,"gravestone:obituary":15,"minecraft:bone_meal":3,"minecraft:bucket":2,"minecraft:spruce_sapling":9,"minecraft:gravel":12,"minecraft:birch_sapling":15,"iceandfire:silver_ore":2,"minecraft:cooked_mutton":3,"minecraft:cobblestone_slab":1,"minecraft:andesite":7,"minecraft:oak_sapling":56,"vanillaplustools:stone_hammer":1,"minecraft:spider_eye":3,"minecraft:spruce_log":1,"minecraft:bow":2,"minecraft:arrow":4,"minecraft:stone_pickaxe":4}},"DataVersion":3120}