{"stats":{"minecraft:dropped":{"minecraft:oak_pressure_plate":1,"iceandfire:silver_axe":1,"minecraft:spore_blossom":1,"minecraft:glow_berries":6,"minecraft:leather":1,"travelersbackpack:standard":1,"minecraft:item_frame":9,"minecraft:flint":3,"minecraft:dirt":82,"minecraft:stone_button":17,"iceandfire:dread_sword":1,"minecraft:mutton":1,"iceandfire:dread_stone_bricks":12,"minecraft:chain":4,"gravestone:obituary":102,"minecraft:bone_meal":4,"iceandfire:armor_silver_metal_helmet":1,"minecraft:gravel":12,"minecraft:compass":1,"minecraft:cobbled_deepslate":80,"minecraft:wheat":2,"minecraft:birch_sapling":25,"minecraft:pointed_dripstone":4,"minecraft:rotten_flesh":2,"minecraft:cooked_mutton":3,"minecraft:dark_oak_fence_gate":2,"minecraft:chainmail_chestplate":1,"vanillaplustools:stone_hammer":3,"iceandfire:dread_knight_sword":2,"minecraft:arrow":4,"minecraft:stone_hoe":1,"minecraft:bread":55,"minecraft:wheat_seeds":126,"minecraft:lilac":3,"minecraft:cobblestone":1367,"minecraft:chainmail_helmet":4,"minecraft:coal":88,"minecraft:stick":7,"minecraft:diorite":14,"minecraft:white_concrete":1,"minecraft:oak_stairs":3,"minecraft:iron_shovel":2,"minecraft:chainmail_leggings":1,"minecraft:bucket":2,"minecraft:spruce_sapling":17,"minecraft:tuff":13,"iceandfire:silver_ore":2,"minecraft:cobblestone_slab":1,"minecraft:spruce_planks":56,"minecraft:andesite":9,"minecraft:oak_sapling":123,"minecraft:spider_eye":7,"minecraft:spruce_log":1,"minecraft:bow":2,"minecraft:stone_pickaxe":5},"minecraft:used":{"iceandfire:lectern":3,"minecraft:smooth_quartz_slab":1,"minecraft:spruce_slab":48,"minecraft:ladder":14,"minecraft:white_concrete_powder":53,"minecraft:chest":18,"minecraft:shield":265,"minecraft:stone":6,"minecraft:rotten_flesh":84,"minecraft:mutton":2,"minecraft:carrot":61,"minecraft:tuff":2,"minecraft:stripped_spruce_log":7,"iceandfire:dread_torch":1,"minecraft:lava_bucket":16,"minecraft:quartz_slab":1,"minecraft:grass_block":101,"minecraft:dark_oak_slab":123,"minecraft:gray_concrete_powder":65,"minecraft:bow":35,"minecraft:sweet_berries":65,"minecraft:furnace":6,"minecraft:cooked_cod":2,"minecraft:egg":4,"minecraft:potato":17,"minecraft:diorite":18,"minecraft:stone_pickaxe":1309,"minecraft:oak_planks":1335,"minecraft:polished_diorite_slab":1,"minecraft:wooden_pickaxe":59,"iceandfire:dread_stone_bricks":7,"minecraft:golden_apple":1,"minecraft:glow_berries":8,"iceandfire:podium_spruce":1,"iceandfire:silver_axe":143,"minecraft:gray_concrete":351,"minecraft:black_concrete":1,"minecraft:bread":44,"minecraft:gravel":85,"minecraft:dark_oak_fence":28,"minecraft:cooked_rabbit":1,"minecraft:andesite":7,"minecraft:oak_boat":2,"minecraft:white_concrete":650,"minecraft:coarse_dirt":3,"minecraft:stone_sword":200,"minecraft:stone_shovel":944,"upgrade_aquatic:cooked_pike":1,"vanillaplustools:stone_hammer":589,"minecraft:cooked_salmon":7,"minecraft:stone_hoe":87,"minecraft:torch":126,"minecraft:dirt":227,"minecraft:granite":18,"minecraft:dark_oak_planks":37,"minecraft:wooden_axe":155,"iceandfire:troll_weapon_column_frost":24,"minecraft:barrel":1,"minecraft:cooked_beef":4,"minecraft:cobbled_deepslate":258,"minecraft:wheat_seeds":35,"minecraft:cooked_mutton":17,"minecraft:water_bucket":34,"upgrade_aquatic:stripped_driftwood_log":1,"iceandfire:dread_knight_sword":883,"iceandfire:chared_dirt_path":3,"minecraft:cobblestone_slab":47,"minecraft:stripped_dark_oak_log":197,"minecraft:crafting_table":6,"vanillaplustools:stone_shovel":53,"minecraft:spruce_log":5,"minecraft:apple":4,"vanillaplustools:wooden_hammer":59,"minecraft:iron_pickaxe":543,"travelersbackpack:white_sleeping_bag":2,"iceandfire:ash":6,"minecraft:spruce_sapling":18,"minecraft:stone_axe":328,"minecraft:cobblestone":1265,"travelersbackpack:standard":19,"iceandfire:chared_grass":9,"minecraft:bucket":55,"minecraft:glass_pane":140,"minecraft:stripped_oak_log":7,"minecraft:gray_wool":1,"minecraft:smooth_stone":1,"iceandfire:dread_stone_bricks_cracked":16},"minecraft:crafted":{"minecraft:black_dye":23,"minecraft:oak_planks":520,"minecraft:chainmail_helmet":5,"minecraft:cobblestone_slab":6,"minecraft:cooked_mutton":18,"minecraft:glass":16,"minecraft:bow":6,"minecraft:iron_boots":1,"minecraft:chest":11,"vanillaplustools:stone_shovel":1,"minecraft:stone_hoe":1,"minecraft:cooked_rabbit":1,"minecraft:glass_bottle":3,"iceandfire:dread_knight_sword":5,"minecraft:crafting_table":3,"minecraft:spruce_planks":420,"minecraft:wooden_pickaxe":10,"travelersbackpack:standard":1,"minecraft:chainmail_chestplate":1,"minecraft:copper_ingot":8,"minecraft:birch_planks":60,"minecraft:stick":160,"minecraft:iron_ingot":29,"minecraft:iron_pickaxe":2,"minecraft:stone_sword":1,"minecraft:gold_ingot":6,"vanillaplustools:wooden_hammer":1,"minecraft:stone_shovel":17,"vanillaplustools:stone_hammer":5,"minecraft:furnace":6,"minecraft:gray_dye":42,"travelersbackpack:white_sleeping_bag":2,"minecraft:white_concrete_powder":56,"minecraft:spruce_slab":54,"minecraft:stone_pickaxe":55,"minecraft:chainmail_leggings":1,"minecraft:wheat":162,"minecraft:cooked_beef":7,"minecraft:cooked_cod":2,"iceandfire:silver_ingot":7,"travelersbackpack:backpack_tank":2,"minecraft:cooked_salmon":7,"minecraft:gray_concrete_powder":64,"iceandfire:dread_sword":2,"minecraft:bucket":1,"minecraft:stone_axe":6,"minecraft:bread":66,"minecraft:air":0,"minecraft:oak_boat":1,"minecraft:white_dye":37,"minecraft:chainmail_boots":1,"minecraft:wooden_axe":3,"minecraft:torch":28},"minecraft:killed_by":{"minecraft:creeper":1,"minecraft:drowned":1,"iceandfire:dread_ghoul":17,"iceandfire:ice_dragon":2,"minecraft:zombie":1,"iceandfire:fire_dragon":4,"iceandfire:dread_beast":3,"iceandfire:dread_scuttler":2,"iceandfire:dread_thrall":1,"iceandfire:dread_knight":16,"minecraft:warden":1,"minecraft:skeleton":1,"iceandfire:ghost":4},"minecraft:killed":{"minecraft:cave_spider":1,"minecraft:spider":13,"minecraft:skeleton":26,"iceandfire:dread_scuttler":19,"minecraft:zombie_villager":1,"minecraft:creeper":10,"minecraft:sheep":7,"minecraft:zombie":54,"iceandfire:dread_ghoul":66,"minecraft:cow":3,"iceandfire:dread_beast":37,"iceandfire:dread_knight":102,"iceandfire:dread_thrall":77,"minecraft:drowned":11,"iceandfire:troll":1,"minecraft:rabbit":3,"minecraft:bat":1,"minecraft:squid":9,"upgrade_aquatic:pike":2,"minecraft:enderman":2},"minecraft:mined":{"minecraft:white_bed":2,"minecraft:sculk_vein":1,"minecraft:granite":21,"minecraft:grass_block":339,"iceandfire:lectern":3,"minecraft:white_concrete":49,"iceandfire:dread_spawner":13,"minecraft:smooth_stone":1,"minecraft:sculk_catalyst":1,"minecraft:iron_ore":84,"minecraft:cobbled_deepslate":173,"minecraft:fire":20,"minecraft:deepslate_lapis_ore":2,"minecraft:sculk_shrieker":1,"minecraft:dirt_path":43,"iceandfire:dread_stone_bricks_cracked":27,"minecraft:spruce_slab":3,"minecraft:powder_snow":5,"minecraft:torch":39,"minecraft:chest":3,"minecraft:cobblestone":147,"minecraft:oak_planks":27,"minecraft:wall_torch":8,"minecraft:seagrass":1,"minecraft:birch_log":11,"minecraft:wheat":38,"minecraft:lilac":1,"minecraft:grass":16,"iceandfire:dread_stone_bricks_mossy":2,"minecraft:oak_log":88,"minecraft:sand":67,"minecraft:dirt":848,"minecraft:oak_leaves":9,"iceandfire:dread_stone_bricks":31,"minecraft:deepslate":236,"iceandfire:lightning_lily":1,"minecraft:tuff":16,"iceandfire:silver_ore":4,"minecraft:deepslate_diamond_ore":14,"minecraft:glow_lichen":1,"gravestone:gravestone":61,"iceandfire:deepslate_silver_ore":3,"travelersbackpack:white_sleeping_bag":1,"minecraft:spruce_leaves":28,"minecraft:white_concrete_powder":2,"iceandfire:chared_grass":10,"minecraft:large_fern":5,"minecraft:hay_block":18,"minecraft:spore_blossom":1,"minecraft:redstone_ore":8,"minecraft:carrots":16,"minecraft:andesite":13,"minecraft:potatoes":4,"minecraft:deepslate_iron_ore":82,"minecraft:cobblestone_slab":1,"minecraft:vine":1,"minecraft:rail":1,"minecraft:lantern":1,"minecraft:stone":5771,"iceandfire:podium_spruce":1,"minecraft:podzol":2,"minecraft:gray_concrete":69,"minecraft:lily_of_the_valley":26,"minecraft:crafting_table":3,"minecraft:sculk_sensor":4,"minecraft:tall_grass":1,"minecraft:copper_ore":45,"minecraft:deepslate_gold_ore":58,"minecraft:sculk":2,"minecraft:diorite":33,"minecraft:coarse_dirt":3,"minecraft:gray_concrete_powder":1,"minecraft:sweet_berry_bush":1,"minecraft:ice":1,"minecraft:spruce_log":81,"iceandfire:ash":6,"minecraft:coal_ore":147,"minecraft:gravel":113,"minecraft:gold_ore":18,"minecraft:fern":1},"minecraft:custom":{"minecraft:interact_with_crafting_table":41,"minecraft:open_barrel":15,"minecraft:leave_game":8,"minecraft:time_since_death":125444,"minecraft:sprint_one_cm":677724,"minecraft:damage_blocked_by_shield":6350,"minecraft:drop":288,"minecraft:talked_to_villager":2,"minecraft:play_time":932087,"minecraft:deaths":56,"minecraft:jump":7940,"minecraft:walk_on_water_one_cm":164347,"minecraft:interact_with_furnace":69,"minecraft:sleep_in_bed":8,"minecraft:damage_dealt":116667,"minecraft:player_kills":4,"minecraft:crouch_one_cm":162507,"minecraft:interact_with_smoker":4,"minecraft:horse_one_cm":7376,"minecraft:mob_kills":456,"minecraft:climb_one_cm":6989,"minecraft:walk_one_cm":3896087,"minecraft:sneak_time":52609,"minecraft:walk_under_water_one_cm":111115,"minecraft:boat_one_cm":107059,"minecraft:interact_with_blast_furnace":1,"minecraft:total_world_time":932087,"minecraft:interact_with_stonecutter":1,"minecraft:time_since_rest":125471,"minecraft:damage_absorbed":40,"minecraft:damage_taken":21769,"minecraft:trigger_trapped_chest":2,"minecraft:swim_one_cm":136034,"minecraft:fly_one_cm":1129214,"minecraft:open_chest":399,"minecraft:fall_one_cm":119049},"minecraft:broken":{"vanillaplustools:wooden_hammer":1,"minecraft:iron_boots":1,"minecraft:iron_chestplate":1,"minecraft:iron_leggings":1,"minecraft:chainmail_boots":2,"minecraft:stone_pickaxe":10,"minecraft:stone_axe":4,"minecraft:wooden_axe":2,"iceandfire:armor_silver_metal_chestplate":1,"iceandfire:armor_silver_metal_boots":1,"minecraft:stone_shovel":7,"iceandfire:armor_silver_metal_leggings":1,"minecraft:stone_sword":2,"minecraft:wooden_pickaxe":1,"iceandfire:armor_silver_metal_helmet":1,"minecraft:shield":4,"vanillaplustools:stone_hammer":4,"minecraft:iron_pickaxe":2,"minecraft:iron_helmet":1},"minecraft:picked_up":{"iceandfire:dread_stone_bricks":20,"minecraft:iron_chestplate":1,"minecraft:wheat":39,"minecraft:chainmail_boots":2,"iceandfire:chared_dirt_path":3,"minecraft:oak_stairs":3,"iceandfire:manuscript":8,"minecraft:string":12,"minecraft:raw_copper":155,"minecraft:iron_leggings":1,"minecraft:cobbled_deepslate":544,"minecraft:smooth_stone":1,"minecraft:bucket":2,"minecraft:spruce_planks":248,"minecraft:cobblestone_slab":2,"minecraft:tipped_arrow":1,"minecraft:stick":48,"minecraft:torch":54,"iceandfire:dread_sword":4,"iceandfire:silver_ore":4,"minecraft:pointed_dripstone":4,"minecraft:diorite":48,"iceandfire:lightning_lily":1,"iceandfire:armor_silver_metal_boots":1,"minecraft:stone_sword":1,"minecraft:rotten_flesh":128,"upgrade_aquatic:cooked_pike":1,"minecraft:snowball":15,"minecraft:cobblestone":8696,"minecraft:nautilus_shell":1,"minecraft:birch_log":15,"iceandfire:sapphire_gem":1,"minecraft:cooked_beef":4,"minecraft:lilac":3,"minecraft:water_bucket":2,"minecraft:andesite":22,"minecraft:brown_wool":1,"minecraft:potato":13,"minecraft:flint":22,"minecraft:tuff":15,"minecraft:gray_concrete":69,"minecraft:lapis_lazuli":13,"minecraft:dirt":1600,"minecraft:lantern":4,"minecraft:gray_concrete_powder":1,"minecraft:glass":3,"minecraft:bone":214,"minecraft:bow":9,"minecraft:wheat_seeds":162,"minecraft:raw_gold":76,"minecraft:rabbit":1,"minecraft:stone_hoe":1,"minecraft:oak_planks":38,"minecraft:cooked_porkchop":1,"iceandfire:podium_spruce":2,"minecraft:oak_pressure_plate":1,"minecraft:sand":64,"minecraft:ink_sac":20,"minecraft:lily_of_the_valley":25,"minecraft:barrel":1,"travelersbackpack:white_sleeping_bag":1,"minecraft:diamond":14,"iceandfire:lectern":4,"iceandfire:dread_stone_bricks_mossy":2,"minecraft:granite":29,"minecraft:bone_meal":22,"minecraft:white_concrete":49,"minecraft:chainmail_helmet":10,"minecraft:bread":32,"minecraft:oak_sapling":123,"iceandfire:silver_nugget":30,"minecraft:coarse_dirt":3,"minecraft:crafting_table":3,"minecraft:clay_ball":8,"minecraft:chain":6,"gravestone:obituary":68,"minecraft:shield":5,"minecraft:item_frame":18,"minecraft:compass":1,"minecraft:iron_shovel":3,"iceandfire:bestiary":2,"minecraft:oak_boat":1,"minecraft:beef":7,"iceandfire:armor_silver_metal_leggings":1,"iceandfire:dread_knight_sword":9,"iceandfire:dread_shard":151,"minecraft:spruce_slab":34,"minecraft:chest":3,"minecraft:birch_sapling":25,"minecraft:egg":4,"minecraft:raw_iron":169,"minecraft:copper_ingot":2,"upgrade_aquatic:pike":2,"iceandfire:chared_grass":9,"minecraft:stone_button":17,"minecraft:carrot":52,"minecraft:redstone":34,"minecraft:stone_shovel":2,"minecraft:arrow":36,"iceandfire:troll_weapon_column_frost":1,"minecraft:golden_hoe":2,"minecraft:hay_block":18,"iceandfire:deepslate_silver_ore":3,"minecraft:glow_berries":11,"minecraft:mutton":17,"minecraft:rail":1,"minecraft:white_wool":6,"iceandfire:silver_axe":1,"minecraft:glow_ink_sac":4,"minecraft:tripwire_hook":1,"minecraft:salmon":2,"minecraft:leather":8,"minecraft:oak_log":105,"minecraft:chainmail_chestplate":2,"iceandfire:dread_stone_bricks_cracked":18,"minecraft:gunpowder":1,"minecraft:cooked_mutton":2,"minecraft:apple":4,"minecraft:stone_bricks":12,"iceandfire:troll_leather_frost":4,"iceandfire:armor_silver_metal_helmet":2,"minecraft:spore_blossom":1,"minecraft:iron_ingot":21,"minecraft:stone_pickaxe":7,"minecraft:cobweb":1,"minecraft:sweet_berries":42,"iceandfire:ash":6,"minecraft:gravel":168,"minecraft:lava_bucket":1,"minecraft:spruce_sapling":43,"minecraft:white_bed":2,"minecraft:spruce_log":101,"minecraft:dark_oak_fence_gate":2,"minecraft:spider_eye":14,"travelersbackpack:standard":7,"minecraft:white_concrete_powder":2,"minecraft:stone_axe":5,"minecraft:chainmail_leggings":2,"minecraft:iron_helmet":1,"vanillaplustools:stone_hammer":4,"minecraft:gray_wool":1,"minecraft:coal":163}},"DataVersion":3120}