{"stats":{"minecraft:killed_by":{"minecraft:drowned":1,"minecraft:warden":1,"minecraft:skeleton":1,"minecraft:zombie":1,"iceandfire:ghost":4},"minecraft:picked_up":{"minecraft:crafting_table":3,"minecraft:iron_chestplate":1,"minecraft:coarse_dirt":3,"minecraft:wheat":18,"minecraft:clay_ball":8,"minecraft:chain":6,"gravestone:obituary":2,"minecraft:string":4,"minecraft:raw_copper":155,"minecraft:iron_leggings":1,"minecraft:cobbled_deepslate":29,"minecraft:bucket":2,"minecraft:beef":7,"minecraft:cobblestone_slab":2,"minecraft:spruce_slab":4,"minecraft:birch_sapling":20,"minecraft:egg":1,"minecraft:stick":36,"minecraft:raw_iron":65,"minecraft:copper_ingot":2,"upgrade_aquatic:pike":1,"minecraft:torch":45,"iceandfire:silver_ore":4,"minecraft:diorite":48,"minecraft:redstone":34,"minecraft:rotten_flesh":24,"minecraft:arrow":18,"minecraft:glow_berries":11,"minecraft:mutton":14,"minecraft:rail":1,"minecraft:white_wool":6,"minecraft:cobblestone":8504,"minecraft:birch_log":15,"minecraft:cooked_beef":4,"minecraft:glow_ink_sac":4,"minecraft:andesite":16,"minecraft:salmon":1,"minecraft:brown_wool":1,"minecraft:leather":8,"minecraft:flint":17,"minecraft:tuff":2,"minecraft:oak_log":62,"minecraft:dirt":996,"minecraft:bone":18,"minecraft:apple":2,"minecraft:bow":5,"minecraft:wheat_seeds":62,"minecraft:raw_gold":17,"minecraft:spore_blossom":1,"minecraft:stone_pickaxe":4,"minecraft:cobweb":1,"minecraft:rabbit":1,"minecraft:oak_planks":27,"minecraft:cooked_porkchop":1,"minecraft:sweet_berries":42,"minecraft:gravel":127,"minecraft:sand":63,"minecraft:spruce_sapling":19,"minecraft:ink_sac":4,"minecraft:lily_of_the_valley":25,"minecraft:spruce_log":73,"minecraft:spider_eye":5,"travelersbackpack:white_sleeping_bag":1,"minecraft:stone_axe":2,"minecraft:iron_helmet":1,"minecraft:granite":29,"vanillaplustools:stone_hammer":1,"minecraft:bone_meal":9,"minecraft:bread":1,"minecraft:oak_sapling":87,"minecraft:coal":158},"minecraft:crafted":{"minecraft:black_dye":3,"vanillaplustools:wooden_hammer":1,"minecraft:oak_planks":368,"minecraft:cobblestone_slab":6,"minecraft:stone_shovel":7,"vanillaplustools:stone_hammer":5,"minecraft:furnace":5,"minecraft:gray_dye":6,"minecraft:cooked_mutton":16,"minecraft:glass":16,"travelersbackpack:white_sleeping_bag":2,"minecraft:iron_boots":1,"minecraft:spruce_slab":54,"minecraft:stone_pickaxe":52,"minecraft:chest":11,"minecraft:cooked_rabbit":1,"minecraft:cooked_beef":7,"iceandfire:silver_ingot":2,"minecraft:crafting_table":3,"minecraft:spruce_planks":420,"travelersbackpack:backpack_tank":2,"minecraft:wooden_pickaxe":10,"travelersbackpack:standard":1,"minecraft:cooked_salmon":1,"minecraft:copper_ingot":5,"minecraft:bucket":1,"minecraft:birch_planks":60,"minecraft:stone_axe":2,"minecraft:bread":6,"minecraft:air":0,"minecraft:oak_boat":1,"minecraft:white_dye":25,"minecraft:stick":132,"minecraft:iron_ingot":29,"minecraft:iron_pickaxe":1,"minecraft:wooden_axe":3,"minecraft:stone_sword":1,"minecraft:gold_ingot":6,"minecraft:torch":20},"minecraft:broken":{"minecraft:stone_sword":1,"vanillaplustools:wooden_hammer":1,"minecraft:wooden_pickaxe":1,"minecraft:stone_pickaxe":6,"vanillaplustools:stone_hammer":4,"minecraft:stone_axe":1,"minecraft:wooden_axe":2,"minecraft:stone_shovel":6},"minecraft:custom":{"minecraft:mob_kills":61,"minecraft:interact_with_crafting_table":39,"minecraft:open_barrel":1,"minecraft:leave_game":6,"minecraft:time_since_death":26815,"minecraft:climb_one_cm":1272,"minecraft:sprint_one_cm":373940,"minecraft:walk_one_cm":1727177,"minecraft:drop":128,"minecraft:talked_to_villager":2,"minecraft:play_time":367048,"minecraft:sneak_time":15986,"minecraft:deaths":10,"minecraft:walk_under_water_one_cm":49052,"minecraft:boat_one_cm":16788,"minecraft:jump":3888,"minecraft:walk_on_water_one_cm":75673,"minecraft:total_world_time":367048,"minecraft:interact_with_furnace":56,"minecraft:interact_with_stonecutter":1,"minecraft:sleep_in_bed":5,"minecraft:time_since_rest":26842,"minecraft:damage_taken":4546,"minecraft:trigger_trapped_chest":2,"minecraft:damage_dealt":10739,"minecraft:player_kills":1,"minecraft:swim_one_cm":67327,"minecraft:fly_one_cm":389346,"minecraft:open_chest":107,"minecraft:crouch_one_cm":61788,"minecraft:fall_one_cm":61061,"minecraft:horse_one_cm":6231},"minecraft:used":{"minecraft:stone_sword":149,"minecraft:spruce_slab":48,"minecraft:stone_shovel":890,"minecraft:chest":10,"vanillaplustools:stone_hammer":589,"minecraft:cooked_salmon":1,"minecraft:rotten_flesh":15,"minecraft:torch":81,"minecraft:dirt":142,"minecraft:mutton":2,"minecraft:tuff":2,"minecraft:granite":18,"minecraft:wooden_axe":155,"minecraft:bow":5,"minecraft:sweet_berries":18,"minecraft:furnace":5,"minecraft:egg":1,"minecraft:cooked_beef":4,"minecraft:wheat_seeds":16,"minecraft:cooked_mutton":9,"minecraft:water_bucket":6,"minecraft:diorite":18,"minecraft:stone_pickaxe":804,"minecraft:oak_planks":368,"minecraft:wooden_pickaxe":59,"minecraft:cobblestone_slab":6,"minecraft:glow_berries":8,"minecraft:crafting_table":6,"minecraft:spruce_log":5,"minecraft:apple":2,"vanillaplustools:wooden_hammer":59,"minecraft:iron_pickaxe":119,"minecraft:bread":7,"travelersbackpack:white_sleeping_bag":2,"minecraft:spruce_sapling":18,"minecraft:gravel":85,"minecraft:stone_axe":111,"travelersbackpack:standard":4,"minecraft:cobblestone":1124,"minecraft:cooked_rabbit":1,"minecraft:andesite":7,"minecraft:bucket":10,"minecraft:oak_boat":1,"minecraft:coarse_dirt":3},"minecraft:mined":{"minecraft:tuff":3,"iceandfire:silver_ore":4,"minecraft:glow_lichen":1,"gravestone:gravestone":9,"minecraft:granite":21,"minecraft:grass_block":201,"travelersbackpack:white_sleeping_bag":1,"minecraft:spruce_leaves":23,"minecraft:large_fern":1,"minecraft:spore_blossom":1,"minecraft:redstone_ore":8,"minecraft:iron_ore":55,"minecraft:andesite":9,"minecraft:vine":1,"minecraft:deepslate_iron_ore":7,"minecraft:cobblestone_slab":1,"minecraft:dirt_path":43,"minecraft:rail":1,"minecraft:stone":5763,"minecraft:spruce_slab":3,"minecraft:podzol":2,"minecraft:lily_of_the_valley":26,"minecraft:powder_snow":5,"minecraft:crafting_table":3,"minecraft:torch":37,"minecraft:tall_grass":1,"minecraft:copper_ore":45,"minecraft:cobblestone":24,"minecraft:deepslate_gold_ore":2,"minecraft:oak_planks":27,"minecraft:sculk":1,"minecraft:diorite":33,"minecraft:wall_torch":3,"minecraft:coarse_dirt":3,"minecraft:birch_log":11,"minecraft:wheat":19,"minecraft:sweet_berry_bush":1,"minecraft:lilac":1,"minecraft:spruce_log":73,"minecraft:grass":16,"minecraft:oak_log":48,"minecraft:coal_ore":142,"minecraft:gravel":81,"minecraft:sand":66,"minecraft:dirt":531,"minecraft:gold_ore":15,"minecraft:oak_leaves":9,"minecraft:deepslate":29,"minecraft:fern":1},"minecraft:killed":{"minecraft:cave_spider":1,"minecraft:spider":3,"minecraft:skeleton":15,"minecraft:drowned":8,"minecraft:rabbit":3,"minecraft:bat":1,"minecraft:creeper":4,"minecraft:sheep":7,"minecraft:zombie":15,"upgrade_aquatic:pike":1,"minecraft:cow":3},"minecraft:dropped":{"minecraft:bread":1,"minecraft:wheat_seeds":45,"minecraft:spore_blossom":1,"minecraft:cobblestone":1360,"minecraft:glow_berries":6,"minecraft:leather":1,"minecraft:coal":88,"minecraft:stick":7,"minecraft:flint":3,"minecraft:dirt":81,"minecraft:diorite":14,"minecraft:mutton":1,"minecraft:chain":4,"gravestone:obituary":8,"minecraft:bone_meal":3,"minecraft:bucket":2,"minecraft:spruce_sapling":1,"minecraft:birch_sapling":15,"iceandfire:silver_ore":2,"minecraft:cooked_mutton":3,"minecraft:cobblestone_slab":1,"minecraft:andesite":7,"minecraft:oak_sapling":56,"vanillaplustools:stone_hammer":1,"minecraft:spider_eye":3,"minecraft:spruce_log":1,"minecraft:stone_pickaxe":4,"minecraft:bow":2,"minecraft:arrow":4}},"DataVersion":3120}