{"stats":{"minecraft:picked_up":{"iceandfire:dread_stone_bricks":20,"minecraft:iron_chestplate":1,"minecraft:wheat":39,"minecraft:chainmail_boots":2,"iceandfire:chared_dirt_path":3,"minecraft:lead":2,"minecraft:oak_stairs":3,"iceandfire:manuscript":8,"minecraft:string":48,"minecraft:raw_copper":155,"minecraft:iron_leggings":1,"minecraft:cobbled_deepslate":544,"minecraft:smooth_stone":1,"minecraft:bucket":2,"minecraft:spruce_planks":249,"minecraft:cobblestone_slab":2,"minecraft:tipped_arrow":1,"minecraft:stick":48,"minecraft:torch":55,"iceandfire:dread_sword":4,"iceandfire:silver_ore":4,"iceandfire:dread_torch":1,"minecraft:golden_axe":1,"minecraft:pointed_dripstone":4,"minecraft:diorite":48,"iceandfire:lightning_lily":8,"iceandfire:armor_silver_metal_boots":1,"minecraft:stone_sword":1,"minecraft:rotten_flesh":144,"upgrade_aquatic:cooked_pike":1,"minecraft:bookshelf":8,"minecraft:snowball":15,"minecraft:cobblestone":8909,"minecraft:nautilus_shell":1,"minecraft:birch_log":15,"iceandfire:sapphire_gem":1,"minecraft:cooked_beef":4,"minecraft:lilac":3,"minecraft:water_bucket":2,"minecraft:andesite":32,"minecraft:brown_wool":1,"minecraft:potato":13,"minecraft:flint":22,"minecraft:tuff":15,"minecraft:gray_concrete":69,"minecraft:lapis_lazuli":13,"minecraft:dirt":1682,"minecraft:lantern":4,"minecraft:gray_concrete_powder":1,"minecraft:glass":3,"minecraft:bone":216,"minecraft:bow":9,"minecraft:wheat_seeds":163,"minecraft:raw_gold":76,"minecraft:rabbit":1,"minecraft:stone_hoe":1,"minecraft:oak_planks":38,"minecraft:cooked_porkchop":1,"iceandfire:podium_spruce":6,"minecraft:oak_pressure_plate":1,"iceandfire:shiny_scales":7,"minecraft:sand":121,"minecraft:ink_sac":20,"minecraft:lily_of_the_valley":25,"minecraft:barrel":1,"travelersbackpack:white_sleeping_bag":1,"minecraft:diamond":14,"iceandfire:lectern":6,"iceandfire:dread_stone_bricks_mossy":2,"minecraft:granite":29,"minecraft:bone_meal":22,"minecraft:white_concrete":189,"minecraft:chainmail_helmet":10,"minecraft:bread":32,"minecraft:dark_oak_fence":4,"minecraft:oak_sapling":123,"iceandfire:silver_nugget":30,"minecraft:oak_leaves":175,"minecraft:coarse_dirt":3,"minecraft:crafting_table":3,"minecraft:ladder":4,"minecraft:clay_ball":8,"minecraft:chain":6,"gravestone:obituary":71,"minecraft:shield":5,"minecraft:item_frame":18,"minecraft:compass":1,"minecraft:iron_shovel":3,"iceandfire:bestiary":6,"minecraft:oak_boat":1,"minecraft:beef":7,"iceandfire:armor_silver_metal_leggings":1,"iceandfire:dread_knight_sword":9,"iceandfire:dread_shard":151,"minecraft:poppy":5,"minecraft:spruce_slab":34,"minecraft:sugar_cane":15,"minecraft:chest":3,"minecraft:birch_sapling":25,"minecraft:spruce_trapdoor":6,"minecraft:egg":4,"minecraft:sandstone":24,"minecraft:raw_iron":169,"iceandfire:dragonbone":22,"minecraft:copper_ingot":2,"upgrade_aquatic:pike":2,"iceandfire:chared_grass":9,"minecraft:gray_dye":64,"minecraft:stone_button":17,"minecraft:carrot":52,"minecraft:redstone":34,"minecraft:dark_oak_planks":1,"iceandfire:cyclops_eye":1,"minecraft:stone_shovel":2,"minecraft:arrow":46,"iceandfire:troll_weapon_column_frost":1,"minecraft:golden_hoe":2,"minecraft:hay_block":18,"iceandfire:deepslate_silver_ore":3,"minecraft:glow_berries":11,"minecraft:mutton":24,"minecraft:rail":1,"minecraft:white_wool":8,"iceandfire:silver_axe":1,"minecraft:glow_ink_sac":4,"minecraft:tripwire_hook":1,"minecraft:salmon":2,"minecraft:leather":10,"minecraft:filled_map":2,"minecraft:oak_log":105,"minecraft:chainmail_chestplate":2,"iceandfire:dread_stone_bricks_cracked":18,"minecraft:gunpowder":1,"minecraft:cooked_mutton":2,"minecraft:apple":4,"minecraft:stone_bricks":12,"minecraft:kelp":17,"iceandfire:troll_leather_frost":4,"iceandfire:armor_silver_metal_helmet":2,"minecraft:spore_blossom":1,"minecraft:iron_ingot":21,"minecraft:stone_pickaxe":7,"minecraft:cobweb":1,"minecraft:book":3,"minecraft:sweet_berries":48,"iceandfire:ash":6,"minecraft:gravel":168,"minecraft:lava_bucket":1,"minecraft:spruce_sapling":43,"minecraft:white_bed":2,"minecraft:spruce_log":107,"minecraft:dark_oak_fence_gate":2,"minecraft:spider_eye":14,"travelersbackpack:standard":10,"minecraft:white_concrete_powder":2,"minecraft:stone_axe":5,"minecraft:chainmail_leggings":2,"minecraft:iron_helmet":1,"vanillaplustools:stone_hammer":4,"minecraft:gray_wool":1,"minecraft:coal":164},"minecraft:crafted":{"minecraft:black_dye":23,"minecraft:oak_planks":520,"minecraft:chainmail_helmet":5,"minecraft:cobblestone_slab":6,"minecraft:cobblestone_stairs":4,"minecraft:cooked_mutton":18,"minecraft:glass":16,"minecraft:bow":6,"minecraft:iron_boots":1,"minecraft:chest":11,"vanillaplustools:stone_shovel":1,"minecraft:stone_hoe":1,"minecraft:cooked_rabbit":1,"minecraft:glass_bottle":3,"iceandfire:dread_knight_sword":5,"minecraft:crafting_table":3,"minecraft:spruce_planks":420,"minecraft:wooden_pickaxe":10,"travelersbackpack:standard":1,"minecraft:chainmail_chestplate":1,"minecraft:copper_ingot":8,"minecraft:birch_planks":60,"minecraft:stick":164,"minecraft:iron_ingot":29,"minecraft:iron_pickaxe":2,"minecraft:stone_sword":1,"minecraft:gold_ingot":6,"vanillaplustools:wooden_hammer":1,"minecraft:stone_shovel":17,"vanillaplustools:stone_hammer":5,"minecraft:furnace":6,"minecraft:gray_dye":42,"minecraft:bone_meal":27,"travelersbackpack:white_sleeping_bag":2,"minecraft:white_concrete_powder":56,"minecraft:spruce_slab":54,"minecraft:stone_pickaxe":56,"minecraft:chainmail_leggings":1,"minecraft:wheat":162,"minecraft:cooked_beef":7,"minecraft:cooked_cod":2,"iceandfire:silver_ingot":7,"travelersbackpack:backpack_tank":2,"minecraft:cooked_salmon":7,"minecraft:gray_concrete_powder":64,"iceandfire:dread_sword":2,"minecraft:bucket":1,"minecraft:stone_axe":6,"minecraft:bread":66,"minecraft:air":0,"minecraft:oak_boat":1,"minecraft:white_dye":37,"minecraft:chainmail_boots":1,"minecraft:wooden_axe":3,"minecraft:iron_leggings":1,"minecraft:torch":28},"minecraft:mined":{"minecraft:dark_oak_planks":1,"minecraft:spruce_planks":1,"minecraft:white_bed":2,"minecraft:sculk_vein":1,"minecraft:spruce_trapdoor":6,"minecraft:granite":21,"minecraft:grass_block":340,"iceandfire:lectern":5,"minecraft:white_concrete":189,"iceandfire:dread_spawner":13,"minecraft:smooth_stone":1,"minecraft:sculk_catalyst":1,"iceandfire:dread_torch_wall":1,"minecraft:iron_ore":84,"minecraft:cobbled_deepslate":173,"minecraft:fire":20,"minecraft:deepslate_lapis_ore":2,"minecraft:sculk_shrieker":1,"minecraft:dirt_path":43,"iceandfire:dread_stone_bricks_cracked":27,"minecraft:spruce_slab":3,"minecraft:kelp_plant":1,"upgrade_aquatic:tall_beachgrass":1,"minecraft:powder_snow":5,"minecraft:torch":39,"minecraft:poppy":5,"minecraft:chest":3,"minecraft:cobblestone":170,"minecraft:sugar_cane":4,"minecraft:oak_planks":27,"minecraft:wall_torch":8,"minecraft:seagrass":1,"minecraft:birch_log":11,"minecraft:wheat":38,"minecraft:lilac":1,"minecraft:grass":21,"iceandfire:dread_stone_bricks_mossy":2,"minecraft:oak_log":88,"minecraft:sand":162,"minecraft:dirt":929,"minecraft:oak_leaves":17,"iceandfire:dread_stone_bricks":31,"minecraft:deepslate":236,"iceandfire:lightning_lily":8,"minecraft:tuff":16,"iceandfire:silver_ore":4,"minecraft:deepslate_diamond_ore":14,"minecraft:ladder":1,"minecraft:glow_lichen":1,"gravestone:gravestone":67,"minecraft:dark_oak_fence":4,"iceandfire:deepslate_silver_ore":3,"travelersbackpack:white_sleeping_bag":1,"minecraft:spruce_leaves":28,"minecraft:kelp":2,"minecraft:sandstone":2,"minecraft:white_concrete_powder":2,"iceandfire:chared_grass":10,"minecraft:large_fern":5,"minecraft:hay_block":18,"minecraft:spore_blossom":1,"minecraft:redstone_ore":8,"minecraft:carrots":16,"minecraft:andesite":20,"minecraft:potatoes":4,"minecraft:deepslate_iron_ore":82,"minecraft:cobblestone_slab":1,"minecraft:vine":1,"minecraft:rail":1,"minecraft:lantern":1,"minecraft:packed_ice":15,"minecraft:stone":5948,"iceandfire:podium_spruce":5,"minecraft:podzol":2,"minecraft:gray_concrete":69,"minecraft:lily_of_the_valley":26,"minecraft:crafting_table":3,"minecraft:sculk_sensor":4,"minecraft:tall_grass":2,"minecraft:copper_ore":45,"minecraft:deepslate_gold_ore":58,"minecraft:sculk":2,"minecraft:diorite":33,"minecraft:coarse_dirt":3,"minecraft:gray_concrete_powder":1,"minecraft:sweet_berry_bush":1,"minecraft:ice":9,"minecraft:spruce_log":87,"minecraft:birch_leaves":2,"iceandfire:ash":6,"minecraft:coal_ore":148,"minecraft:gravel":113,"minecraft:cobweb":10,"minecraft:gold_ore":18,"minecraft:fern":1},"minecraft:custom":{"minecraft:interact_with_crafting_table":45,"minecraft:open_barrel":22,"minecraft:leave_game":9,"minecraft:time_since_death":19886,"minecraft:sprint_one_cm":914324,"minecraft:damage_blocked_by_shield":7135,"minecraft:drop":314,"minecraft:talked_to_villager":10,"minecraft:play_time":1162220,"minecraft:deaths":63,"minecraft:jump":9768,"minecraft:walk_on_water_one_cm":203007,"minecraft:interact_with_furnace":82,"minecraft:sleep_in_bed":8,"minecraft:damage_dealt":121650,"minecraft:player_kills":4,"minecraft:crouch_one_cm":177585,"minecraft:interact_with_smoker":4,"minecraft:horse_one_cm":7376,"minecraft:mob_kills":479,"minecraft:climb_one_cm":35049,"minecraft:walk_one_cm":4545976,"minecraft:sneak_time":57644,"minecraft:walk_under_water_one_cm":194819,"minecraft:boat_one_cm":393563,"minecraft:interact_with_blast_furnace":1,"minecraft:total_world_time":1162220,"minecraft:interact_with_stonecutter":1,"minecraft:time_since_rest":19909,"minecraft:damage_absorbed":40,"minecraft:damage_taken":24226,"minecraft:trigger_trapped_chest":2,"minecraft:swim_one_cm":227060,"minecraft:fly_one_cm":2924707,"minecraft:open_chest":602,"minecraft:fall_one_cm":137340},"minecraft:dropped":{"minecraft:oak_pressure_plate":1,"iceandfire:silver_axe":1,"minecraft:spore_blossom":1,"minecraft:glow_berries":6,"minecraft:leather":1,"travelersbackpack:standard":2,"minecraft:item_frame":9,"minecraft:flint":3,"minecraft:dirt":82,"minecraft:stone_button":17,"iceandfire:dread_sword":1,"minecraft:mutton":8,"iceandfire:dread_stone_bricks":12,"minecraft:chain":4,"gravestone:obituary":112,"minecraft:bone_meal":4,"iceandfire:armor_silver_metal_helmet":1,"minecraft:gray_dye":64,"minecraft:gravel":12,"minecraft:compass":1,"minecraft:cobbled_deepslate":80,"minecraft:wheat":2,"minecraft:birch_sapling":25,"minecraft:pointed_dripstone":4,"minecraft:rotten_flesh":2,"minecraft:cooked_mutton":3,"minecraft:dark_oak_fence_gate":2,"minecraft:chainmail_chestplate":1,"vanillaplustools:stone_hammer":3,"iceandfire:dread_knight_sword":2,"minecraft:arrow":4,"minecraft:stone_hoe":1,"minecraft:bread":55,"minecraft:wheat_seeds":126,"minecraft:lilac":3,"minecraft:golden_axe":1,"minecraft:cobblestone":1409,"minecraft:book":3,"minecraft:chainmail_helmet":4,"minecraft:coal":88,"minecraft:stick":7,"iceandfire:podium_spruce":4,"minecraft:diorite":14,"minecraft:white_concrete":1,"minecraft:oak_stairs":3,"minecraft:iron_shovel":2,"minecraft:chainmail_leggings":1,"minecraft:string":24,"minecraft:bucket":2,"minecraft:spruce_sapling":17,"minecraft:tuff":13,"iceandfire:silver_ore":2,"minecraft:filled_map":2,"minecraft:cobblestone_slab":1,"minecraft:spruce_planks":148,"minecraft:andesite":12,"minecraft:oak_sapling":123,"minecraft:spider_eye":7,"minecraft:spruce_log":1,"minecraft:bow":2,"minecraft:stone_pickaxe":5},"minecraft:killed":{"minecraft:cave_spider":1,"minecraft:spider":14,"minecraft:skeleton":26,"iceandfire:dread_scuttler":19,"minecraft:zombie_villager":1,"minecraft:creeper":10,"minecraft:sheep":7,"minecraft:zombie":57,"iceandfire:dread_ghoul":66,"minecraft:cow":3,"iceandfire:dread_beast":37,"iceandfire:dread_knight":102,"iceandfire:dread_thrall":77,"iceandfire:siren":1,"minecraft:drowned":17,"iceandfire:cyclops":1,"iceandfire:troll":1,"minecraft:rabbit":4,"minecraft:bat":1,"minecraft:squid":9,"upgrade_aquatic:pike":2,"minecraft:enderman":3},"minecraft:killed_by":{"iceandfire:cyclops":5,"minecraft:creeper":1,"iceandfire:siren":2,"minecraft:drowned":1,"iceandfire:dread_ghoul":17,"iceandfire:ice_dragon":2,"minecraft:zombie":1,"iceandfire:fire_dragon":4,"iceandfire:dread_beast":3,"iceandfire:dread_scuttler":2,"iceandfire:dread_thrall":1,"iceandfire:dread_knight":16,"minecraft:warden":1,"minecraft:skeleton":1,"iceandfire:ghost":4},"minecraft:used":{"iceandfire:lectern":3,"minecraft:iron_shovel":1,"minecraft:smooth_quartz_slab":1,"minecraft:spruce_slab":48,"minecraft:ladder":38,"minecraft:oak_sign":1,"minecraft:white_concrete_powder":53,"minecraft:chest":20,"minecraft:shield":284,"minecraft:stone":6,"minecraft:rotten_flesh":125,"minecraft:mutton":2,"minecraft:carrot":65,"minecraft:tuff":2,"minecraft:stripped_spruce_log":7,"iceandfire:dread_torch":2,"minecraft:lava_bucket":16,"minecraft:quartz_slab":1,"minecraft:grass_block":101,"minecraft:dark_oak_slab":159,"minecraft:gray_concrete_powder":65,"minecraft:bow":43,"minecraft:sweet_berries":72,"minecraft:furnace":12,"minecraft:cooked_cod":2,"minecraft:egg":4,"minecraft:potato":47,"minecraft:dark_oak_stairs":92,"minecraft:diorite":18,"minecraft:stone_pickaxe":1398,"minecraft:oak_planks":1396,"minecraft:polished_diorite_slab":1,"minecraft:wooden_pickaxe":59,"minecraft:sandstone":8,"iceandfire:dread_stone_bricks":7,"minecraft:oak_leaves":11,"minecraft:golden_apple":1,"minecraft:glow_berries":8,"iceandfire:podium_spruce":1,"iceandfire:silver_axe":143,"minecraft:gray_concrete":406,"minecraft:black_concrete":1,"minecraft:bread":44,"minecraft:gravel":85,"minecraft:dark_oak_fence":54,"minecraft:cooked_rabbit":1,"minecraft:andesite":7,"minecraft:oak_boat":3,"minecraft:white_concrete":756,"minecraft:coarse_dirt":3,"minecraft:bone_meal":1,"minecraft:oak_fence":23,"minecraft:oak_trapdoor":1,"minecraft:stone_sword":200,"iceandfire:silver_sword":52,"minecraft:stone_shovel":944,"minecraft:spruce_planks":1,"upgrade_aquatic:cooked_pike":1,"vanillaplustools:stone_hammer":622,"minecraft:cooked_salmon":7,"minecraft:stone_hoe":87,"minecraft:torch":181,"minecraft:dirt":299,"minecraft:granite":18,"minecraft:iron_hoe":1,"minecraft:dark_oak_planks":49,"minecraft:wooden_axe":155,"iceandfire:troll_weapon_column_frost":35,"minecraft:bookshelf":8,"minecraft:barrel":1,"minecraft:cooked_beef":4,"minecraft:cobbled_deepslate":258,"minecraft:golden_axe":17,"minecraft:wheat_seeds":35,"minecraft:cooked_mutton":17,"minecraft:water_bucket":40,"minecraft:cobblestone_stairs":4,"upgrade_aquatic:stripped_driftwood_log":1,"iceandfire:dread_knight_sword":883,"iceandfire:chared_dirt_path":3,"minecraft:cobblestone_slab":47,"minecraft:stripped_dark_oak_log":197,"minecraft:oak_slab":314,"minecraft:crafting_table":7,"vanillaplustools:stone_shovel":75,"minecraft:spruce_log":33,"minecraft:apple":4,"vanillaplustools:wooden_hammer":59,"minecraft:iron_pickaxe":543,"travelersbackpack:white_sleeping_bag":2,"minecraft:spruce_trapdoor":56,"iceandfire:ash":6,"minecraft:spruce_sapling":18,"minecraft:stone_axe":328,"minecraft:cobblestone":1512,"travelersbackpack:standard":21,"iceandfire:chared_grass":9,"minecraft:bucket":55,"minecraft:glass_pane":140,"minecraft:stripped_oak_log":7,"minecraft:kelp":1,"minecraft:gray_wool":1,"minecraft:smooth_stone":1,"iceandfire:dread_stone_bricks_cracked":16},"minecraft:broken":{"vanillaplustools:wooden_hammer":1,"minecraft:iron_boots":1,"minecraft:iron_chestplate":1,"minecraft:iron_leggings":1,"minecraft:chainmail_boots":2,"minecraft:stone_pickaxe":10,"minecraft:stone_axe":4,"minecraft:wooden_axe":2,"iceandfire:armor_silver_metal_chestplate":1,"iceandfire:armor_silver_metal_boots":1,"minecraft:stone_shovel":7,"iceandfire:armor_silver_metal_leggings":1,"minecraft:stone_sword":2,"minecraft:wooden_pickaxe":1,"iceandfire:armor_silver_metal_helmet":1,"minecraft:shield":4,"minecraft:golden_axe":1,"vanillaplustools:stone_hammer":4,"minecraft:iron_pickaxe":2,"minecraft:iron_helmet":1}},"DataVersion":3120}