{"stats":{"minecraft:dropped":{"minecraft:warden_spawn_egg":1,"minecraft:spruce_log":1,"minecraft:arrow":1,"minecraft:bow":2},"minecraft:used":{"minecraft:warden_spawn_egg":7,"minecraft:bow":30,"minecraft:crafting_table":1},"minecraft:custom":{"minecraft:time_since_rest":9057,"minecraft:crouch_one_cm":742,"minecraft:sprint_one_cm":790,"minecraft:play_time":14004,"minecraft:walk_one_cm":31220,"minecraft:damage_taken":240,"minecraft:deaths":1,"minecraft:sneak_time":675,"minecraft:drop":5,"minecraft:jump":134,"minecraft:time_since_death":9020,"minecraft:walk_on_water_one_cm":34,"minecraft:total_world_time":14004,"minecraft:climb_one_cm":218,"minecraft:fall_one_cm":627,"minecraft:fly_one_cm":125720},"minecraft:picked_up":{"minecraft:bow":2,"minecraft:spruce_log":5},"minecraft:mined":{"minecraft:spruce_log":4,"minecraft:spruce_leaves":3},"minecraft:crafted":{"minecraft:crafting_table":4,"minecraft:spruce_planks":16}},"DataVersion":3465}