{"stats":{"minecraft:killed_by":{"minecraft:creeper":1,"minecraft:cave_spider":1,"minecraft:zombie":1,"iceandfire:fire_dragon":6,"iceandfire:dread_beast":5,"minecraft:player":1,"minecraft:enderman":2,"iceandfire:dread_knight":8,"minecraft:warden":1,"minecraft:skeleton":5,"iceandfire:ghost":3,"iceandfire:troll":1},"minecraft:crafted":{"minecraft:smooth_stone":10,"minecraft:oak_planks":296,"iceandfire:dragonbone_axe":1,"iceandfire:silver_shovel":1,"minecraft:stone":10,"minecraft:cooked_mutton":8,"minecraft:glass":13,"vanillaplustools:iron_hammer":2,"minecraft:iron_boots":1,"iceandfire:armor_silver_metal_leggings":2,"minecraft:chest":19,"vanillaplustools:stone_shovel":2,"iceandfire:copper_pickaxe":1,"minecraft:smoker":2,"iceandfire:silver_axe":2,"minecraft:deepslate":1,"minecraft:cooked_porkchop":3,"minecraft:diamond_axe":1,"minecraft:crafting_table":3,"minecraft:spruce_planks":52,"minecraft:wooden_pickaxe":1,"minecraft:iron_helmet":2,"travelersbackpack:standard":1,"minecraft:copper_ingot":136,"minecraft:birch_planks":56,"minecraft:iron_chestplate":2,"minecraft:diamond_pickaxe":1,"minecraft:shield":4,"minecraft:stick":332,"minecraft:iron_pickaxe":21,"minecraft:iron_ingot":294,"minecraft:stone_sword":2,"minecraft:gold_ingot":106,"minecraft:stone_shovel":18,"minecraft:smooth_stone_slab":6,"vanillaplustools:stone_hammer":8,"vanillaplustools:iron_shovel":2,"minecraft:furnace":3,"minecraft:blast_furnace":2,"minecraft:bone_meal":36,"travelersbackpack:white_sleeping_bag":2,"minecraft:iron_axe":1,"minecraft:stone_pickaxe":75,"iceandfire:armor_silver_metal_boots":1,"upgrade_aquatic:cooked_pike":5,"minecraft:wheat":117,"minecraft:cooked_beef":6,"iceandfire:silver_ingot":99,"travelersbackpack:backpack_tank":2,"minecraft:cooked_salmon":12,"minecraft:bucket":8,"minecraft:stone_axe":2,"minecraft:bread":17,"minecraft:air":0,"minecraft:oak_boat":1,"iceandfire:armor_silver_metal_helmet":2,"minecraft:wooden_axe":2,"minecraft:iron_shovel":18,"minecraft:iron_leggings":2,"minecraft:armor_stand":1,"minecraft:torch":152,"iceandfire:silver_pickaxe":1},"minecraft:picked_up":{"iceandfire:dread_stone_bricks":15,"minecraft:iron_chestplate":1,"minecraft:chainmail_boots":2,"minecraft:flower_pot":1,"minecraft:brewing_stand":1,"minecraft:amethyst_block":5,"minecraft:string":2,"minecraft:raw_copper":125,"minecraft:iron_leggings":1,"minecraft:armor_stand":1,"minecraft:gold_nugget":72,"minecraft:cobbled_deepslate":2385,"minecraft:bucket":1,"minecraft:spruce_planks":60,"minecraft:cobblestone_slab":2,"minecraft:iron_pickaxe":2,"minecraft:coal_block":16,"minecraft:furnace":3,"minecraft:tipped_arrow":1,"minecraft:stick":53,"minecraft:beehive":5,"minecraft:oak_fence":1,"minecraft:torch":33,"iceandfire:silver_ore":21,"minecraft:porkchop":3,"minecraft:pointed_dripstone":4,"minecraft:diorite":52,"minecraft:warped_button":5,"minecraft:rotten_flesh":50,"minecraft:iron_block":1,"minecraft:iron_bars":11,"minecraft:cobblestone":4743,"minecraft:nautilus_shell":1,"minecraft:birch_log":29,"iceandfire:sapphire_gem":3,"minecraft:lilac":3,"minecraft:water_bucket":1,"minecraft:andesite":50,"minecraft:potato":5,"minecraft:flint":39,"minecraft:tuff":179,"minecraft:dirt":2240,"minecraft:lapis_lazuli":94,"minecraft:lantern":8,"minecraft:bone":21,"minecraft:glass":6,"minecraft:stonecutter":1,"minecraft:bow":1,"minecraft:wheat_seeds":8,"minecraft:raw_gold":36,"minecraft:moss_block":3,"minecraft:oak_planks":7,"iceandfire:podium_spruce":4,"minecraft:sand":221,"minecraft:ink_sac":4,"minecraft:barrel":1,"minecraft:mossy_cobblestone":4,"travelersbackpack:white_sleeping_bag":4,"minecraft:diamond":54,"iceandfire:lectern":6,"iceandfire:dread_stone_bricks_mossy":1,"minecraft:granite":53,"minecraft:bone_meal":8,"minecraft:white_concrete":2,"minecraft:emerald":2,"minecraft:oak_sapling":20,"iceandfire:silver_nugget":785,"minecraft:fishing_rod":1,"minecraft:crafting_table":5,"minecraft:azure_bluet":1,"minecraft:clay_ball":48,"minecraft:chest_minecart":1,"minecraft:wooden_pickaxe":1,"minecraft:stone_brick_wall":1,"gravestone:obituary":21,"minecraft:shield":1,"minecraft:iron_axe":1,"minecraft:compass":1,"iceandfire:bestiary":4,"minecraft:beef":6,"iceandfire:dread_knight_sword":1,"iceandfire:dread_shard":9,"minecraft:light_gray_wool":2,"minecraft:lectern":1,"minecraft:chest":1,"minecraft:birch_sapling":7,"minecraft:egg":1,"minecraft:raw_iron":187,"minecraft:glow_item_frame":1,"minecraft:copper_ingot":1,"upgrade_aquatic:pike":4,"minecraft:stone_button":4,"minecraft:redstone":72,"minecraft:arrow":16,"minecraft:beetroot_seeds":2,"minecraft:hay_block":13,"minecraft:gold_ingot":2,"minecraft:mutton":15,"minecraft:glow_berries":12,"minecraft:white_wool":15,"minecraft:rail":1,"minecraft:glow_ink_sac":2,"minecraft:salmon":18,"minecraft:leather":7,"minecraft:oak_log":108,"iceandfire:ectoplasm":2,"iceandfire:dread_stone_bricks_cracked":8,"minecraft:gunpowder":13,"upgrade_aquatic:blue_pickerelweed":1,"minecraft:cooked_mutton":3,"minecraft:apple":1,"minecraft:stone_bricks":25,"iceandfire:pixie_jar_empty":4,"iceandfire:troll_leather_frost":2,"minecraft:iron_ingot":41,"minecraft:book":209,"iceandfire:copper_nugget":14,"minecraft:sweet_berries":30,"minecraft:gravel":258,"minecraft:amethyst_shard":2,"minecraft:spruce_sapling":13,"minecraft:spruce_log":88,"travelersbackpack:standard":9,"minecraft:white_concrete_powder":2,"minecraft:iron_helmet":1,"vanillaplustools:stone_hammer":2,"minecraft:coal":229},"minecraft:broken":{"vanillaplustools:iron_hammer":2,"minecraft:iron_boots":1,"iceandfire:silver_pickaxe":1,"minecraft:stone_pickaxe":2,"vanillaplustools:iron_shovel":2,"minecraft:wooden_axe":2,"iceandfire:silver_shovel":1,"minecraft:shield":1,"vanillaplustools:stone_hammer":5,"minecraft:iron_axe":1,"minecraft:iron_pickaxe":3,"minecraft:iron_helmet":1},"minecraft:custom":{"minecraft:interact_with_crafting_table":49,"minecraft:open_barrel":6,"minecraft:bell_ring":11,"minecraft:leave_game":6,"minecraft:time_since_death":21039,"minecraft:sprint_one_cm":688087,"minecraft:damage_blocked_by_shield":1570,"minecraft:drop":176,"minecraft:talked_to_villager":4,"minecraft:play_time":573773,"minecraft:deaths":40,"minecraft:jump":7830,"minecraft:walk_on_water_one_cm":104487,"minecraft:interact_with_furnace":106,"minecraft:sleep_in_bed":8,"minecraft:damage_dealt":27744,"minecraft:crouch_one_cm":86637,"minecraft:interact_with_smoker":22,"minecraft:mob_kills":125,"minecraft:climb_one_cm":4121,"minecraft:walk_one_cm":1556461,"minecraft:sneak_time":29583,"minecraft:walk_under_water_one_cm":85076,"minecraft:boat_one_cm":175891,"minecraft:interact_with_blast_furnace":29,"minecraft:total_world_time":573773,"minecraft:time_since_rest":21075,"minecraft:damage_taken":15975,"minecraft:trigger_trapped_chest":1,"minecraft:swim_one_cm":105067,"minecraft:fly_one_cm":802660,"minecraft:open_chest":367,"minecraft:fish_caught":1,"minecraft:fall_one_cm":170323},"minecraft:used":{"iceandfire:lectern":3,"minecraft:white_concrete_powder":1,"minecraft:chest":18,"minecraft:shield":68,"minecraft:rotten_flesh":52,"iceandfire:dragonbone_axe":59,"minecraft:tuff":74,"vanillaplustools:iron_shovel":502,"minecraft:lava_bucket":9,"iceandfire:copper_pickaxe":2,"minecraft:bow":1,"minecraft:sweet_berries":55,"minecraft:furnace":2,"minecraft:diorite":4,"minecraft:stone_pickaxe":221,"minecraft:oak_planks":27,"minecraft:wooden_pickaxe":57,"iceandfire:dread_stone_bricks":4,"minecraft:diamond_axe":137,"minecraft:glow_berries":16,"minecraft:sand":3,"minecraft:blast_furnace":2,"iceandfire:silver_axe":216,"iceandfire:silver_pickaxe":460,"minecraft:bread":25,"minecraft:gravel":4,"minecraft:chainmail_boots":1,"minecraft:andesite":5,"minecraft:oak_boat":1,"minecraft:white_concrete":1,"minecraft:stone_sword":70,"iceandfire:silver_sword":9,"minecraft:armor_stand":1,"upgrade_aquatic:cooked_pike":4,"vanillaplustools:stone_hammer":764,"minecraft:cooked_salmon":12,"minecraft:torch":141,"minecraft:dirt":193,"iceandfire:armor_silver_metal_helmet":1,"minecraft:granite":14,"minecraft:wooden_axe":128,"minecraft:iron_axe":201,"minecraft:cooked_beef":9,"minecraft:cobbled_deepslate":312,"minecraft:cooked_mutton":11,"minecraft:water_bucket":22,"iceandfire:dread_knight_sword":42,"minecraft:cobblestone_slab":2,"minecraft:crafting_table":6,"vanillaplustools:stone_shovel":163,"minecraft:smoker":2,"minecraft:spruce_log":9,"minecraft:diamond_pickaxe":182,"minecraft:apple":6,"minecraft:iron_pickaxe":956,"travelersbackpack:white_sleeping_bag":4,"minecraft:stone_axe":97,"minecraft:fishing_rod":5,"minecraft:cobblestone":247,"travelersbackpack:standard":11,"vanillaplustools:iron_hammer":500,"minecraft:cooked_porkchop":3,"minecraft:bucket":39,"iceandfire:silver_shovel":460,"iceandfire:dread_stone_bricks_cracked":1},"minecraft:mined":{"iceandfire:copper_pile":2,"minecraft:sculk_vein":1,"minecraft:brewing_stand":1,"minecraft:cave_vines_plant":1,"minecraft:granite":61,"minecraft:grass_block":632,"iceandfire:lectern":6,"minecraft:coal_block":16,"minecraft:sculk_catalyst":2,"minecraft:cobbled_deepslate":25,"minecraft:iron_ore":105,"minecraft:barrel":1,"minecraft:deepslate_lapis_ore":16,"minecraft:pointed_dripstone":4,"minecraft:cave_vines":1,"iceandfire:gold_pile":12,"minecraft:dirt_path":3,"minecraft:small_amethyst_bud":2,"minecraft:oak_stairs":1,"minecraft:iron_bars":11,"iceandfire:dread_stone_bricks_cracked":10,"minecraft:iron_block":1,"minecraft:deepslate_redstone_ore":9,"minecraft:medium_amethyst_bud":2,"minecraft:clay":14,"minecraft:torch":14,"minecraft:chest":1,"iceandfire:sapphire_ore":2,"minecraft:cobblestone":115,"minecraft:oak_planks":5,"minecraft:wall_torch":18,"minecraft:amethyst_block":5,"minecraft:deepslate_copper_ore":1,"minecraft:birch_log":39,"minecraft:grass":6,"iceandfire:dread_stone_bricks_mossy":2,"minecraft:oak_log":130,"minecraft:beetroots":1,"minecraft:sand":223,"minecraft:dirt":1902,"minecraft:stonecutter":1,"iceandfire:dread_stone_bricks":17,"minecraft:oak_leaves":23,"minecraft:deepslate":2972,"minecraft:tuff":172,"iceandfire:silver_ore":20,"minecraft:mossy_cobblestone":4,"minecraft:deepslate_diamond_ore":52,"minecraft:glow_lichen":2,"gravestone:gravestone":31,"minecraft:redstone_wire":1,"travelersbackpack:white_sleeping_bag":3,"minecraft:spruce_leaves":27,"minecraft:moss_block":1,"minecraft:white_concrete_powder":1,"minecraft:large_fern":1,"minecraft:hay_block":13,"minecraft:redstone_ore":6,"minecraft:furnace":3,"minecraft:andesite":53,"minecraft:bookshelf":75,"minecraft:deepslate_iron_ore":86,"minecraft:cobblestone_slab":2,"minecraft:rail":1,"minecraft:stone":7440,"iceandfire:podium_spruce":4,"iceandfire:pixie_jar_empty":2,"minecraft:redstone_block":1,"minecraft:oak_fence":1,"minecraft:crafting_table":5,"minecraft:lectern":1,"minecraft:tall_grass":1,"minecraft:copper_ore":34,"minecraft:deepslate_gold_ore":35,"minecraft:lapis_ore":1,"minecraft:sculk":14,"minecraft:diorite":62,"minecraft:beehive":5,"minecraft:spruce_log":90,"minecraft:birch_leaves":11,"minecraft:potted_azure_bluet":1,"minecraft:coal_ore":177,"iceandfire:silver_pile":91,"minecraft:gravel":377,"minecraft:cobweb":5,"minecraft:stone_bricks":19,"minecraft:small_dripleaf":1,"minecraft:gold_ore":1,"minecraft:fern":3},"minecraft:killed":{"minecraft:skeleton":14,"iceandfire:dread_scuttler":2,"minecraft:pig":1,"minecraft:salmon":16,"minecraft:sheep":11,"minecraft:zombie":34,"minecraft:stray":1,"minecraft:cow":4,"iceandfire:dread_beast":2,"iceandfire:dread_knight":9,"iceandfire:dread_thrall":6,"minecraft:drowned":4,"iceandfire:troll":3,"iceandfire:ghost":3,"upgrade_aquatic:pike":4},"minecraft:dropped":{"minecraft:moss_block":3,"minecraft:cooked_beef":4,"iceandfire:silver_axe":1,"minecraft:cooked_porkchop":1,"minecraft:glow_berries":1,"travelersbackpack:standard":1,"minecraft:rail":1,"minecraft:flint":1,"minecraft:dirt":118,"minecraft:stone_button":4,"iceandfire:armor_silver_metal_leggings":1,"minecraft:mutton":2,"gravestone:obituary":27,"minecraft:bone_meal":1,"iceandfire:armor_silver_metal_helmet":1,"minecraft:white_wool":5,"minecraft:bone":1,"minecraft:gravel":15,"minecraft:stone_axe":3,"minecraft:compass":1,"minecraft:cobbled_deepslate":812,"minecraft:pointed_dripstone":4,"minecraft:birch_sapling":4,"minecraft:rotten_flesh":7,"minecraft:oak_planks":11,"upgrade_aquatic:cooked_pike":1,"iceandfire:sapphire_gem":1,"minecraft:tipped_arrow":1,"iceandfire:armor_silver_metal_boots":1,"minecraft:gunpowder":13,"minecraft:beetroot_seeds":2,"minecraft:chainmail_boots":1,"minecraft:stone_brick_wall":1,"minecraft:chest":1,"iceandfire:bestiary":2,"vanillaplustools:stone_hammer":2,"iceandfire:troll_leather_frost":2,"minecraft:spruce_slab":10,"minecraft:iron_bars":11,"minecraft:arrow":6,"minecraft:white_concrete_powder":1,"iceandfire:manuscript":8,"minecraft:egg":1,"minecraft:water_bucket":1,"minecraft:wheat_seeds":6,"minecraft:lilac":1,"minecraft:mossy_cobblestone":4,"minecraft:golden_horse_armor":1,"minecraft:iron_helmet":1,"minecraft:cobblestone":285,"minecraft:granite":1,"iceandfire:podium_spruce":1,"minecraft:ink_sac":1,"iceandfire:copper_nugget":14,"minecraft:torch":1,"minecraft:white_concrete":1,"minecraft:iron_leggings":1,"minecraft:smooth_stone":1,"minecraft:string":4,"minecraft:bucket":1,"minecraft:spruce_sapling":21,"minecraft:stone_sword":1,"minecraft:stone_shovel":1,"minecraft:light_gray_wool":1,"minecraft:potato":1,"minecraft:shield":2,"minecraft:spruce_planks":196,"minecraft:iron_chestplate":1,"minecraft:oak_sapling":10,"minecraft:barrel":1,"iceandfire:lectern":1,"minecraft:stone_bricks":31,"minecraft:spruce_log":8,"minecraft:wooden_pickaxe":1,"minecraft:bow":1,"minecraft:stone_pickaxe":1}},"DataVersion":3120}