{"stats":{"minecraft:picked_up":{"iceandfire:dread_stone_bricks":51,"minecraft:iron_chestplate":1,"upgrade_aquatic:white_searocket":7,"minecraft:chainmail_boots":6,"minecraft:prismarine_shard":1,"minecraft:flower_pot":1,"minecraft:brewing_stand":1,"minecraft:amethyst_block":5,"minecraft:string":4,"minecraft:raw_copper":125,"minecraft:iron_leggings":1,"minecraft:armor_stand":1,"minecraft:gold_nugget":72,"minecraft:cobbled_deepslate":2512,"minecraft:bucket":1,"minecraft:spruce_planks":154,"minecraft:cobblestone_slab":2,"minecraft:iron_pickaxe":2,"minecraft:coal_block":16,"minecraft:furnace":3,"minecraft:tipped_arrow":1,"minecraft:beehive":5,"minecraft:stick":56,"minecraft:oak_fence":1,"minecraft:torch":38,"iceandfire:dread_sword":1,"iceandfire:silver_ore":21,"iceandfire:dread_torch":3,"minecraft:porkchop":3,"minecraft:golden_axe":1,"minecraft:pointed_dripstone":4,"minecraft:diorite":52,"minecraft:warped_button":5,"iceandfire:lightning_lily":1,"minecraft:rotten_flesh":64,"minecraft:iron_block":1,"minecraft:obsidian":5,"minecraft:iron_bars":11,"minecraft:cod":1,"minecraft:cobblestone":4951,"minecraft:nautilus_shell":1,"minecraft:birch_log":29,"iceandfire:sapphire_gem":3,"minecraft:lilac":3,"minecraft:water_bucket":1,"minecraft:andesite":50,"minecraft:potato":86,"minecraft:flint":39,"minecraft:tuff":179,"minecraft:lapis_lazuli":94,"minecraft:dirt":2272,"minecraft:lantern":14,"minecraft:glass":6,"minecraft:bone":48,"minecraft:bow":1,"minecraft:stonecutter":1,"minecraft:wheat_seeds":8,"minecraft:raw_gold":36,"minecraft:moss_block":3,"minecraft:oak_planks":7,"iceandfire:podium_spruce":8,"minecraft:sand":257,"minecraft:ink_sac":4,"iceandfire:frozen_dirt":1,"minecraft:barrel":1,"minecraft:mossy_cobblestone":4,"travelersbackpack:white_sleeping_bag":4,"minecraft:diamond":54,"iceandfire:lectern":6,"iceandfire:dread_stone_bricks_mossy":10,"minecraft:crossbow":1,"minecraft:granite":53,"minecraft:bone_meal":11,"minecraft:white_concrete":2,"minecraft:chainmail_helmet":3,"minecraft:emerald":2,"minecraft:bread":27,"minecraft:oak_sapling":23,"iceandfire:silver_nugget":841,"minecraft:oak_leaves":175,"minecraft:fishing_rod":2,"minecraft:crafting_table":5,"minecraft:azure_bluet":1,"minecraft:clay_ball":48,"minecraft:chest_minecart":1,"minecraft:wooden_pickaxe":1,"minecraft:stone_brick_wall":1,"gravestone:obituary":34,"minecraft:shield":1,"minecraft:iron_axe":1,"minecraft:compass":1,"iceandfire:bestiary":4,"minecraft:beef":6,"iceandfire:dread_knight_sword":4,"iceandfire:dread_shard":28,"minecraft:light_gray_wool":2,"minecraft:lectern":1,"minecraft:chest":6,"minecraft:birch_sapling":7,"minecraft:spruce_trapdoor":2,"minecraft:egg":1,"minecraft:raw_iron":189,"minecraft:sandstone":62,"iceandfire:dragonbone":1,"minecraft:glow_item_frame":1,"minecraft:copper_ingot":1,"upgrade_aquatic:pike":4,"minecraft:stone_button":4,"minecraft:carrot":128,"minecraft:redstone":72,"minecraft:prismarine_crystals":5,"minecraft:dark_oak_planks":1,"iceandfire:dragon_skull_ice":3,"upgrade_aquatic:driftwood_boat":1,"minecraft:arrow":25,"minecraft:beetroot_seeds":2,"minecraft:golden_hoe":2,"upgrade_aquatic:driftwood_log":4,"minecraft:hay_block":13,"minecraft:gold_ingot":2,"minecraft:glow_berries":12,"minecraft:mutton":22,"minecraft:rail":1,"minecraft:white_wool":15,"iceandfire:silver_axe":1,"minecraft:glow_ink_sac":2,"minecraft:salmon":18,"minecraft:leather":16,"minecraft:filled_map":3,"minecraft:oak_log":136,"minecraft:chainmail_chestplate":2,"iceandfire:ectoplasm":2,"iceandfire:dread_stone_bricks_cracked":25,"minecraft:gunpowder":13,"upgrade_aquatic:blue_pickerelweed":1,"minecraft:white_banner":1,"minecraft:cooked_mutton":3,"minecraft:apple":1,"minecraft:stone_bricks":25,"iceandfire:pixie_jar_empty":4,"minecraft:kelp":2,"iceandfire:troll_leather_frost":2,"minecraft:iron_ingot":41,"minecraft:book":218,"iceandfire:copper_nugget":14,"minecraft:sweet_berries":86,"minecraft:gravel":258,"minecraft:amethyst_shard":2,"minecraft:spruce_sapling":13,"minecraft:white_bed":2,"minecraft:spruce_log":90,"minecraft:spider_eye":1,"travelersbackpack:standard":17,"minecraft:white_concrete_powder":2,"minecraft:chainmail_leggings":2,"minecraft:iron_helmet":1,"vanillaplustools:stone_hammer":2,"minecraft:coal":229},"minecraft:crafted":{"minecraft:smooth_stone":10,"minecraft:oak_planks":320,"iceandfire:dragonbone_axe":1,"iceandfire:silver_shovel":1,"minecraft:stone":10,"minecraft:bookshelf":16,"minecraft:cooked_mutton":8,"minecraft:glass":72,"vanillaplustools:iron_hammer":2,"minecraft:iron_boots":2,"iceandfire:armor_silver_metal_leggings":2,"upgrade_aquatic:driftwood_boat":1,"minecraft:chest":19,"vanillaplustools:stone_shovel":2,"iceandfire:copper_pickaxe":1,"minecraft:smoker":2,"iceandfire:silver_axe":2,"minecraft:deepslate":1,"minecraft:cooked_porkchop":3,"minecraft:diamond_axe":1,"minecraft:crafting_table":3,"minecraft:spruce_planks":52,"travelersbackpack:standard":1,"minecraft:baked_potato":102,"minecraft:wooden_pickaxe":1,"minecraft:iron_helmet":3,"minecraft:copper_ingot":136,"minecraft:birch_planks":116,"minecraft:iron_chestplate":3,"minecraft:diamond_pickaxe":2,"minecraft:shield":6,"minecraft:stick":356,"minecraft:iron_ingot":294,"minecraft:iron_pickaxe":22,"minecraft:iron_block":3,"minecraft:stone_sword":2,"minecraft:gold_ingot":106,"minecraft:shears":1,"minecraft:stone_shovel":18,"minecraft:smooth_stone_slab":6,"vanillaplustools:stone_hammer":8,"minecraft:iron_nugget":90,"vanillaplustools:iron_shovel":2,"minecraft:furnace":3,"minecraft:blast_furnace":2,"minecraft:bone_meal":36,"minecraft:lantern":11,"travelersbackpack:white_sleeping_bag":2,"minecraft:iron_axe":1,"minecraft:stone_pickaxe":75,"iceandfire:armor_silver_metal_boots":1,"upgrade_aquatic:driftwood_planks":16,"upgrade_aquatic:cooked_pike":5,"minecraft:wheat":117,"minecraft:cooked_beef":6,"minecraft:diamond_sword":1,"iceandfire:silver_ingot":105,"minecraft:enchanting_table":1,"travelersbackpack:backpack_tank":2,"minecraft:cooked_salmon":12,"minecraft:golden_shovel":1,"minecraft:bucket":13,"minecraft:stone_axe":2,"minecraft:bread":17,"minecraft:air":0,"minecraft:oak_boat":2,"iceandfire:armor_silver_metal_helmet":2,"minecraft:wooden_axe":2,"minecraft:iron_shovel":18,"minecraft:iron_leggings":3,"minecraft:armor_stand":1,"minecraft:anvil":1,"iceandfire:silver_pickaxe":1,"minecraft:torch":256},"minecraft:mined":{"minecraft:dark_oak_planks":1,"minecraft:spruce_planks":4,"iceandfire:dread_torch":3,"iceandfire:copper_pile":2,"minecraft:sculk_vein":1,"minecraft:brewing_stand":1,"minecraft:obsidian":5,"minecraft:spruce_trapdoor":1,"minecraft:cave_vines_plant":1,"minecraft:granite":61,"minecraft:grass_block":642,"iceandfire:lectern":6,"minecraft:coal_block":16,"minecraft:sculk_catalyst":2,"minecraft:iron_ore":107,"minecraft:barrel":1,"minecraft:cobbled_deepslate":134,"minecraft:deepslate_lapis_ore":16,"minecraft:pointed_dripstone":4,"minecraft:cave_vines":1,"iceandfire:gold_pile":12,"minecraft:dirt_path":3,"minecraft:small_amethyst_bud":2,"minecraft:oak_stairs":1,"minecraft:iron_bars":11,"iceandfire:dread_stone_bricks_cracked":31,"minecraft:iron_block":1,"minecraft:deepslate_redstone_ore":9,"minecraft:medium_amethyst_bud":2,"upgrade_aquatic:tall_beachgrass":1,"minecraft:clay":14,"minecraft:torch":16,"minecraft:chest":7,"iceandfire:frozen_dirt":1,"iceandfire:sapphire_ore":2,"minecraft:cobblestone":155,"minecraft:oak_planks":5,"minecraft:wall_torch":20,"minecraft:amethyst_block":5,"minecraft:deepslate_copper_ore":1,"minecraft:birch_log":39,"minecraft:grass":6,"iceandfire:dread_stone_bricks_mossy":11,"minecraft:oak_log":158,"minecraft:beetroots":1,"minecraft:sand":255,"minecraft:dirt":1924,"minecraft:stonecutter":1,"upgrade_aquatic:white_searocket":8,"iceandfire:dread_stone_bricks":40,"minecraft:oak_leaves":208,"minecraft:deepslate":2972,"iceandfire:lightning_lily":1,"minecraft:tuff":172,"iceandfire:silver_ore":20,"minecraft:mossy_cobblestone":4,"minecraft:deepslate_diamond_ore":52,"minecraft:glow_lichen":2,"gravestone:gravestone":85,"minecraft:redstone_wire":1,"travelersbackpack:white_sleeping_bag":3,"minecraft:spruce_leaves":27,"minecraft:kelp":1,"minecraft:moss_block":1,"minecraft:sandstone":77,"minecraft:white_concrete_powder":1,"minecraft:large_fern":2,"minecraft:hay_block":13,"minecraft:redstone_ore":6,"minecraft:furnace":3,"minecraft:carrots":36,"minecraft:andesite":78,"minecraft:bookshelf":78,"minecraft:potatoes":40,"minecraft:cobblestone_slab":2,"minecraft:deepslate_iron_ore":86,"minecraft:rail":1,"minecraft:lantern":6,"minecraft:packed_ice":29,"minecraft:stone":7576,"iceandfire:podium_spruce":4,"iceandfire:pixie_jar_empty":2,"minecraft:redstone_block":1,"minecraft:oak_fence":1,"minecraft:crafting_table":5,"minecraft:lectern":1,"minecraft:copper_ore":34,"minecraft:tall_grass":1,"minecraft:lapis_ore":1,"minecraft:deepslate_gold_ore":35,"minecraft:sculk":14,"minecraft:diorite":62,"minecraft:beehive":5,"minecraft:ice":8,"minecraft:spruce_log":92,"minecraft:birch_leaves":11,"minecraft:potted_azure_bluet":1,"iceandfire:silver_pile":91,"minecraft:coal_ore":177,"minecraft:gravel":377,"minecraft:cobweb":5,"upgrade_aquatic:driftwood_log":4,"minecraft:stone_bricks":19,"minecraft:small_dripleaf":1,"minecraft:gold_ore":1,"minecraft:fern":3},"minecraft:custom":{"minecraft:interact_with_crafting_table":70,"minecraft:open_barrel":11,"minecraft:bell_ring":11,"minecraft:leave_game":10,"minecraft:time_since_death":7925,"minecraft:sprint_one_cm":964169,"minecraft:damage_blocked_by_shield":4125,"minecraft:drop":252,"minecraft:talked_to_villager":4,"minecraft:play_time":826657,"minecraft:deaths":100,"minecraft:jump":10908,"minecraft:walk_on_water_one_cm":165500,"minecraft:interact_with_furnace":112,"minecraft:sleep_in_bed":8,"minecraft:damage_dealt":42596,"minecraft:crouch_one_cm":152846,"minecraft:interact_with_smoker":36,"minecraft:interact_with_anvil":2,"minecraft:mob_kills":170,"minecraft:climb_one_cm":13872,"minecraft:walk_one_cm":2236481,"minecraft:sneak_time":53760,"minecraft:walk_under_water_one_cm":150474,"minecraft:boat_one_cm":513162,"minecraft:interact_with_blast_furnace":32,"minecraft:total_world_time":826657,"minecraft:time_since_rest":7955,"minecraft:damage_absorbed":27,"minecraft:damage_taken":2147483647,"minecraft:trigger_trapped_chest":1,"minecraft:swim_one_cm":153712,"minecraft:fly_one_cm":1269166,"minecraft:open_chest":578,"minecraft:fish_caught":2,"minecraft:fall_one_cm":218630},"minecraft:killed":{"minecraft:spider":1,"minecraft:skeleton":19,"iceandfire:dread_scuttler":5,"minecraft:pig":1,"minecraft:salmon":16,"minecraft:sheep":11,"minecraft:pillager":2,"minecraft:zombie":36,"minecraft:stray":1,"iceandfire:dread_ghoul":7,"minecraft:cow":4,"iceandfire:dread_beast":7,"iceandfire:dread_knight":15,"iceandfire:dread_thrall":14,"minecraft:drowned":6,"iceandfire:troll":3,"iceandfire:ghost":3,"upgrade_aquatic:pike":4},"minecraft:dropped":{"minecraft:moss_block":3,"minecraft:cooked_beef":4,"iceandfire:silver_axe":1,"minecraft:cooked_porkchop":1,"minecraft:glow_berries":1,"travelersbackpack:standard":4,"minecraft:rail":1,"minecraft:flint":1,"minecraft:dirt":120,"minecraft:stone_button":4,"minecraft:mutton":2,"iceandfire:armor_silver_metal_leggings":1,"gravestone:obituary":56,"minecraft:bone_meal":4,"iceandfire:armor_silver_metal_helmet":1,"minecraft:white_wool":5,"minecraft:bone":1,"minecraft:gravel":15,"minecraft:stone_axe":3,"minecraft:compass":1,"minecraft:cobbled_deepslate":940,"minecraft:birch_sapling":4,"minecraft:pointed_dripstone":4,"minecraft:rotten_flesh":7,"minecraft:oak_planks":11,"upgrade_aquatic:cooked_pike":1,"minecraft:chainmail_chestplate":1,"iceandfire:dread_stone_bricks_mossy":1,"iceandfire:sapphire_gem":1,"minecraft:tipped_arrow":1,"iceandfire:armor_silver_metal_boots":1,"minecraft:gunpowder":13,"minecraft:beetroot_seeds":2,"vanillaplustools:stone_hammer":2,"minecraft:stone_brick_wall":1,"minecraft:chest":1,"minecraft:chainmail_boots":2,"iceandfire:bestiary":2,"iceandfire:troll_leather_frost":2,"iceandfire:dread_knight_sword":3,"minecraft:spruce_slab":10,"minecraft:iron_bars":11,"minecraft:arrow":12,"minecraft:glass":3,"minecraft:white_concrete_powder":1,"minecraft:oak_leaves":175,"iceandfire:manuscript":8,"minecraft:egg":1,"minecraft:water_bucket":1,"minecraft:wheat_seeds":6,"minecraft:lilac":1,"minecraft:mossy_cobblestone":4,"minecraft:golden_horse_armor":1,"minecraft:bookshelf":8,"minecraft:iron_helmet":1,"minecraft:cobblestone":349,"minecraft:granite":1,"minecraft:chainmail_helmet":2,"minecraft:lava_bucket":1,"iceandfire:podium_spruce":1,"minecraft:ink_sac":1,"iceandfire:copper_nugget":14,"minecraft:torch":1,"minecraft:white_concrete":1,"minecraft:iron_leggings":1,"minecraft:white_banner":1,"minecraft:smooth_stone":1,"minecraft:chainmail_leggings":1,"minecraft:string":4,"minecraft:bucket":1,"minecraft:spruce_sapling":21,"minecraft:stone_sword":1,"minecraft:bowl":1,"minecraft:stone_shovel":1,"minecraft:light_gray_wool":1,"minecraft:filled_map":4,"minecraft:potato":1,"minecraft:shield":4,"minecraft:spruce_trapdoor":1,"minecraft:spruce_planks":196,"minecraft:iron_chestplate":1,"minecraft:oak_sapling":10,"minecraft:barrel":1,"iceandfire:lectern":1,"minecraft:stone_bricks":31,"minecraft:spruce_log":8,"minecraft:sandstone":14,"minecraft:bow":1,"minecraft:stone_pickaxe":1,"minecraft:wooden_pickaxe":1},"minecraft:killed_by":{"iceandfire:cyclops":8,"minecraft:creeper":1,"iceandfire:siren":1,"iceandfire:dread_ghoul":26,"minecraft:cave_spider":1,"iceandfire:ice_dragon":1,"minecraft:zombie":1,"iceandfire:fire_dragon":6,"minecraft:player":4,"iceandfire:dread_beast":7,"iceandfire:dread_scuttler":5,"minecraft:enderman":2,"iceandfire:dread_thrall":2,"iceandfire:dread_knight":14,"iceandfire:gorgon":2,"minecraft:warden":1,"minecraft:skeleton":5,"iceandfire:ghost":3,"iceandfire:troll":1},"minecraft:used":{"iceandfire:lectern":3,"iceandfire:dragon_skull_ice":3,"minecraft:white_concrete_powder":1,"minecraft:chest":22,"minecraft:shield":126,"minecraft:rotten_flesh":56,"minecraft:carrot":36,"iceandfire:dragonbone_axe":121,"minecraft:tuff":74,"vanillaplustools:iron_shovel":502,"iceandfire:dread_torch":2,"minecraft:lava_bucket":34,"minecraft:lantern":10,"iceandfire:copper_pickaxe":2,"minecraft:bow":1,"minecraft:sweet_berries":74,"minecraft:furnace":2,"minecraft:potato":40,"minecraft:diorite":4,"minecraft:oak_planks":27,"minecraft:stone_pickaxe":221,"minecraft:sandstone":8,"minecraft:wooden_pickaxe":57,"iceandfire:dread_stone_bricks":17,"minecraft:diamond_axe":137,"minecraft:chainmail_helmet":1,"minecraft:golden_apple":1,"minecraft:glow_berries":16,"minecraft:golden_hoe":15,"minecraft:sand":10,"minecraft:blast_furnace":2,"iceandfire:silver_axe":313,"minecraft:shears":185,"iceandfire:silver_pickaxe":460,"minecraft:bread":39,"iceandfire:dread_sword":100,"minecraft:gravel":4,"minecraft:diamond_sword":199,"minecraft:chainmail_boots":3,"minecraft:andesite":5,"minecraft:oak_boat":2,"minecraft:white_concrete":1,"minecraft:enchanting_table":1,"iceandfire:silver_sword":10,"minecraft:stone_sword":70,"minecraft:armor_stand":1,"minecraft:spruce_planks":7,"upgrade_aquatic:cooked_pike":4,"vanillaplustools:stone_hammer":764,"minecraft:cooked_salmon":12,"minecraft:torch":156,"minecraft:dirt":219,"minecraft:anvil":1,"upgrade_aquatic:driftwood_boat":2,"minecraft:golden_shovel":24,"iceandfire:armor_silver_metal_helmet":1,"minecraft:granite":14,"minecraft:wooden_axe":128,"minecraft:bookshelf":7,"minecraft:iron_axe":201,"minecraft:cooked_beef":9,"minecraft:cobbled_deepslate":489,"minecraft:cooked_mutton":11,"minecraft:water_bucket":25,"minecraft:baked_potato":17,"iceandfire:dread_knight_sword":42,"minecraft:cobblestone_slab":2,"minecraft:crafting_table":6,"iceandfire:dread_stone_bricks_mossy":6,"vanillaplustools:stone_shovel":163,"minecraft:spider_eye":1,"minecraft:white_bed":2,"minecraft:spruce_log":9,"minecraft:smoker":2,"minecraft:diamond_pickaxe":431,"minecraft:apple":6,"minecraft:suspicious_stew":1,"minecraft:iron_pickaxe":1204,"travelersbackpack:white_sleeping_bag":4,"minecraft:stone_axe":97,"minecraft:fishing_rod":7,"minecraft:cobblestone":386,"travelersbackpack:standard":13,"vanillaplustools:iron_hammer":500,"minecraft:cooked_porkchop":3,"minecraft:bucket":72,"iceandfire:silver_shovel":460,"iceandfire:dread_stone_bricks_cracked":15},"minecraft:broken":{"vanillaplustools:iron_hammer":2,"minecraft:iron_boots":1,"iceandfire:silver_pickaxe":1,"minecraft:chainmail_boots":2,"minecraft:stone_pickaxe":2,"vanillaplustools:iron_shovel":2,"minecraft:wooden_axe":2,"iceandfire:dread_sword":1,"iceandfire:silver_shovel":1,"iceandfire:armor_silver_metal_helmet":1,"minecraft:shield":1,"vanillaplustools:stone_hammer":5,"minecraft:iron_axe":1,"minecraft:iron_pickaxe":3,"minecraft:iron_helmet":1}},"DataVersion":3120}