{"stats":{"minecraft:killed_by":{"minecraft:player":1,"minecraft:enderman":2,"minecraft:warden":1,"minecraft:cave_spider":1,"minecraft:skeleton":3,"minecraft:zombie":1,"iceandfire:ghost":3},"minecraft:crafted":{"minecraft:smooth_stone":4,"minecraft:oak_planks":280,"minecraft:stone_shovel":18,"minecraft:smooth_stone_slab":6,"vanillaplustools:stone_hammer":8,"vanillaplustools:iron_shovel":2,"iceandfire:silver_shovel":1,"minecraft:furnace":1,"minecraft:stone":4,"minecraft:glass":13,"vanillaplustools:iron_hammer":2,"travelersbackpack:white_sleeping_bag":2,"minecraft:iron_boots":1,"minecraft:iron_axe":1,"minecraft:stone_pickaxe":73,"minecraft:chest":6,"vanillaplustools:stone_shovel":2,"iceandfire:copper_pickaxe":1,"minecraft:wheat":117,"iceandfire:silver_axe":1,"minecraft:cooked_beef":6,"iceandfire:silver_ingot":9,"minecraft:cooked_porkchop":3,"minecraft:crafting_table":1,"minecraft:spruce_planks":40,"travelersbackpack:backpack_tank":2,"travelersbackpack:standard":1,"minecraft:wooden_pickaxe":1,"minecraft:iron_helmet":2,"minecraft:copper_ingot":115,"minecraft:birch_planks":56,"minecraft:stone_axe":1,"minecraft:bread":17,"minecraft:air":0,"minecraft:iron_chestplate":2,"minecraft:stick":328,"minecraft:iron_ingot":74,"minecraft:iron_pickaxe":20,"minecraft:wooden_axe":2,"minecraft:stone_sword":1,"minecraft:gold_ingot":9,"minecraft:iron_shovel":18,"minecraft:iron_leggings":2,"minecraft:armor_stand":1,"minecraft:torch":88,"iceandfire:silver_pickaxe":1},"minecraft:picked_up":{"minecraft:iron_chestplate":1,"minecraft:crafting_table":5,"minecraft:clay_ball":48,"minecraft:chest_minecart":1,"minecraft:wooden_pickaxe":1,"gravestone:obituary":10,"minecraft:brewing_stand":1,"minecraft:string":1,"minecraft:raw_copper":125,"minecraft:iron_leggings":1,"minecraft:armor_stand":1,"minecraft:cobbled_deepslate":40,"minecraft:bucket":1,"minecraft:spruce_planks":4,"minecraft:beef":6,"minecraft:cobblestone_slab":2,"minecraft:light_gray_wool":2,"minecraft:chest":1,"minecraft:birch_sapling":7,"minecraft:furnace":3,"minecraft:egg":1,"minecraft:beehive":5,"minecraft:stick":49,"minecraft:raw_iron":94,"minecraft:copper_ingot":1,"minecraft:torch":24,"iceandfire:silver_ore":21,"minecraft:porkchop":3,"minecraft:diorite":48,"minecraft:warped_button":5,"minecraft:redstone":30,"minecraft:arrow":6,"minecraft:rotten_flesh":21,"minecraft:hay_block":13,"minecraft:glow_berries":12,"minecraft:mutton":15,"minecraft:rail":1,"minecraft:white_wool":12,"minecraft:cobblestone":4651,"minecraft:birch_log":29,"minecraft:lilac":1,"minecraft:glow_ink_sac":2,"minecraft:andesite":33,"minecraft:leather":7,"minecraft:flint":16,"minecraft:tuff":2,"minecraft:oak_log":104,"iceandfire:ectoplasm":2,"minecraft:gunpowder":1,"minecraft:lapis_lazuli":11,"minecraft:dirt":2157,"minecraft:lantern":2,"minecraft:cooked_mutton":3,"minecraft:glass":6,"minecraft:bone":6,"minecraft:apple":1,"minecraft:bow":1,"minecraft:stonecutter":1,"minecraft:wheat_seeds":2,"minecraft:iron_ingot":37,"minecraft:moss_block":3,"minecraft:book":18,"minecraft:sweet_berries":30,"minecraft:gravel":119,"minecraft:sand":19,"minecraft:spruce_sapling":13,"minecraft:ink_sac":1,"minecraft:spruce_log":79,"minecraft:mossy_cobblestone":4,"travelersbackpack:white_sleeping_bag":4,"travelersbackpack:standard":1,"minecraft:iron_helmet":1,"minecraft:granite":38,"minecraft:oak_sapling":14,"minecraft:coal":229},"minecraft:broken":{"vanillaplustools:iron_hammer":2,"iceandfire:silver_pickaxe":1,"minecraft:stone_pickaxe":1,"vanillaplustools:iron_shovel":2,"vanillaplustools:stone_hammer":3,"minecraft:iron_pickaxe":1,"minecraft:wooden_axe":2,"iceandfire:silver_shovel":1},"minecraft:custom":{"minecraft:mob_kills":36,"minecraft:interact_with_crafting_table":33,"minecraft:open_barrel":1,"minecraft:bell_ring":11,"minecraft:leave_game":4,"minecraft:time_since_death":849,"minecraft:climb_one_cm":1067,"minecraft:sprint_one_cm":351236,"minecraft:walk_one_cm":855640,"minecraft:drop":67,"minecraft:talked_to_villager":1,"minecraft:play_time":292597,"minecraft:sneak_time":5298,"minecraft:deaths":16,"minecraft:walk_under_water_one_cm":31727,"minecraft:jump":4322,"minecraft:walk_on_water_one_cm":23507,"minecraft:total_world_time":292597,"minecraft:interact_with_furnace":67,"minecraft:sleep_in_bed":5,"minecraft:time_since_rest":909,"minecraft:damage_taken":6604,"minecraft:trigger_trapped_chest":1,"minecraft:damage_dealt":5579,"minecraft:swim_one_cm":42773,"minecraft:fly_one_cm":316948,"minecraft:crouch_one_cm":26453,"minecraft:open_chest":83,"minecraft:fall_one_cm":106843},"minecraft:used":{"minecraft:stone_sword":64,"minecraft:armor_stand":1,"minecraft:chest":4,"vanillaplustools:stone_hammer":417,"minecraft:rotten_flesh":18,"minecraft:torch":90,"minecraft:dirt":179,"minecraft:tuff":2,"minecraft:granite":8,"vanillaplustools:iron_shovel":502,"minecraft:wooden_axe":128,"minecraft:iron_axe":65,"iceandfire:copper_pickaxe":2,"minecraft:bow":1,"minecraft:sweet_berries":55,"minecraft:furnace":1,"minecraft:cooked_beef":9,"minecraft:cooked_mutton":3,"minecraft:stone_pickaxe":131,"minecraft:wooden_pickaxe":22,"minecraft:cobblestone_slab":2,"minecraft:glow_berries":16,"minecraft:crafting_table":4,"vanillaplustools:stone_shovel":71,"iceandfire:silver_axe":139,"iceandfire:silver_pickaxe":460,"minecraft:apple":1,"minecraft:iron_pickaxe":457,"minecraft:bread":11,"travelersbackpack:white_sleeping_bag":4,"minecraft:stone_axe":97,"minecraft:gravel":4,"travelersbackpack:standard":7,"minecraft:cobblestone":106,"vanillaplustools:iron_hammer":500,"minecraft:cooked_porkchop":3,"minecraft:bucket":4,"iceandfire:silver_shovel":460},"minecraft:mined":{"minecraft:tuff":1,"iceandfire:silver_ore":20,"minecraft:mossy_cobblestone":4,"minecraft:brewing_stand":1,"minecraft:cave_vines_plant":1,"minecraft:granite":46,"gravestone:gravestone":12,"minecraft:grass_block":609,"travelersbackpack:white_sleeping_bag":3,"minecraft:spruce_leaves":27,"minecraft:moss_block":1,"minecraft:hay_block":13,"minecraft:redstone_ore":6,"minecraft:furnace":3,"minecraft:iron_ore":95,"minecraft:andesite":33,"minecraft:deepslate_lapis_ore":1,"minecraft:bookshelf":6,"minecraft:dirt_path":3,"minecraft:cobblestone_slab":2,"minecraft:cave_vines":1,"minecraft:deepslate_iron_ore":3,"minecraft:rail":1,"minecraft:stone":7371,"minecraft:medium_amethyst_bud":1,"minecraft:clay":14,"minecraft:crafting_table":5,"minecraft:torch":13,"minecraft:chest":1,"minecraft:copper_ore":34,"minecraft:tall_grass":1,"minecraft:cobblestone":77,"minecraft:lapis_ore":1,"minecraft:diorite":49,"minecraft:wall_torch":10,"minecraft:deepslate_copper_ore":1,"minecraft:beehive":5,"minecraft:birch_log":39,"minecraft:spruce_log":81,"minecraft:birch_leaves":11,"minecraft:grass":6,"minecraft:oak_log":126,"minecraft:coal_ore":177,"minecraft:gravel":143,"minecraft:dirt":1803,"minecraft:sand":19,"minecraft:cobweb":5,"minecraft:stonecutter":1,"minecraft:small_dripleaf":1,"minecraft:oak_leaves":23,"minecraft:deepslate":42,"minecraft:fern":3},"minecraft:killed":{"minecraft:skeleton":4,"minecraft:drowned":2,"minecraft:pig":1,"minecraft:sheep":11,"minecraft:zombie":7,"iceandfire:ghost":3,"minecraft:cow":4},"minecraft:dropped":{"minecraft:moss_block":3,"minecraft:cooked_beef":4,"minecraft:mossy_cobblestone":4,"minecraft:cooked_porkchop":1,"minecraft:glow_berries":1,"minecraft:iron_helmet":1,"minecraft:cobblestone":285,"minecraft:granite":1,"minecraft:rail":1,"minecraft:flint":1,"minecraft:dirt":21,"minecraft:ink_sac":1,"minecraft:torch":1,"minecraft:mutton":2,"minecraft:iron_leggings":1,"gravestone:obituary":12,"minecraft:smooth_stone":1,"minecraft:string":3,"minecraft:white_wool":2,"minecraft:bucket":1,"minecraft:spruce_sapling":13,"minecraft:gravel":3,"minecraft:stone_axe":1,"minecraft:birch_sapling":4,"minecraft:rotten_flesh":2,"minecraft:light_gray_wool":1,"minecraft:gunpowder":1,"minecraft:spruce_planks":4,"minecraft:iron_chestplate":1,"minecraft:oak_sapling":5,"minecraft:chest":1,"minecraft:arrow":6,"minecraft:bow":1,"minecraft:wooden_pickaxe":1,"minecraft:egg":1}},"DataVersion":3120}