{
  "iceandfire:iceandfire/root": {
    "criteria": {
      "tick": "2024-06-28 03:01:17 +0000"
    },
    "done": true
  },
  "minecraft:adventure/adventuring_time": {
    "criteria": {
      "minecraft:old_growth_pine_taiga": "2024-06-28 03:01:36 +0000",
      "minecraft:taiga": "2024-06-28 03:01:46 +0000",
      "minecraft:river": "2024-06-28 03:02:15 +0000",
      "minecraft:forest": "2024-06-28 03:02:05 +0000",
      "minecraft:old_growth_spruce_taiga": "2024-06-28 03:01:18 +0000",
      "minecraft:meadow": "2024-06-29 02:42:57 +0000",
      "minecraft:plains": "2024-06-28 03:02:12 +0000"
    },
    "done": false
  },
  "DataVersion": 3120
}